dma_code,dma_name,population,households,zips,counties,rank_by_households
501,NEW YORK,22153063,8149216,1420,30,1
803,LOS ANGELES,18206687,6041213,889,7,2
602,CHICAGO,9775886,3735286,520,16,3
504,PHILADELPHIA,8347472,3206408,756,18,4
623,DALLAS-FORT WORTH,8319288,3019312,571,32,5
807,SAN FRANCISCO-OAKLAND-SAN JOSE,7467026,2699688,462,10,6
524,ATLANTA,7235998,2691630,454,55,7
511,"WASHINGTON, DC-HAGRSTWN",7182128,2670712,957,41,8
506,BOSTON,6830583,2669193,695,17,9
618,HOUSTON,7489674,2644735,445,20,10
819,SEATTLE-TACOMA,5527817,2162952,435,17,11
753,PHOENIX,5652004,2113408,376,10,12
539,TAMPA-ST PETERSBURG-SARASOTA,5026982,2075297,366,10,13
505,DETROIT,4935388,1979098,322,9,14
613,MINNEAPOLIS-SAINT PAUL,4879543,1912616,633,57,15
751,DENVER,4633110,1821589,546,67,16
528,MIAMI-FORT LAUDERDALE,4728941,1760493,221,3,17
534,ORLANDO-DAYTONA BEACH-MELBOURNE,4440579,1742003,301,9,18
862,SACRAMENTO-STOCKTON-MODESTO,4657486,1621904,408,17,19
510,CLEVELAND-AKRON,3871434,1615759,342,17,20
820,"PORTLAND, OR",3519080,1362906,353,28,21
517,CHARLOTTE,3376502,1323237,287,22,22
609,SAINT LOUIS,3204000,1300363,428,31,23
560,RALEIGH-DURHAM,3269431,1278551,260,22,24
508,PITTSBURGH,2832557,1212798,603,16,25
527,INDIANAPOLIS,3039092,1201870,338,32,26
659,NASHVILLE,3055073,1186220,315,49,27
512,BALTIMORE,3026012,1172615,254,11,28
825,SAN DIEGO,3292107,1157493,181,1,29
770,SALT LAKE CITY,3450787,1124848,426,39,30
533,HARTFORD-NEW HAVEN,2648445,1063954,344,8,31
641,SAN ANTONIO,2866448,1034606,230,25,32
616,KANSAS CITY,2606563,1032095,385,33,33
535,"COLUMBUS, OH",2622890,1031021,273,22,34
515,CINCINNATI,2437869,961994,256,24,35
567,GREENVILLE-SPARTANBURG-ASHEVILLE,2372533,960713,265,28,36
617,MILWAUKEE,2344769,958776,195,10,37
635,AUSTIN,2442824,946091,170,12,38
548,WEST PALM BEACH-FT PIERCE,2182131,892453,125,5,39
839,LAS VEGAS,2321182,869290,133,3,40
566,HARRISBURG-LANCASTER-LEBANON-YORK,2074301,808717,285,11,41
563,GRAND RAPIDS-KALAMAZOO-BATTLE CREEK,2096398,803614,223,14,42
561,JACKSONVILLE,2012549,782786,148,15,43
544,NORFOLK-PORTSMOUTH-NEWPORT NEWS,1991211,782337,281,28,44
630,BIRMINGHAM,1951780,777674,293,21,45
790,ALBUQUERQUE-SANTA FE,1952692,769115,406,31,46
650,OKLAHOMA CITY,1968100,758977,339,34,47
518,GREENSBORO-HIGH POINT-WINSTON SALEM,1846713,748945,198,15,48
529,LOUISVILLE,1808753,724611,271,29,49
640,MEMPHIS,1808911,703816,284,28,50
622,NEW ORLEANS,1764344,702118,212,14,51
514,BUFFALO,1614184,677753,286,12,52
521,PROVIDENCE-NEW BEDFORD,1676578,670567,133,6,53
866,FRESNO-VISALIA,2085129,640637,192,6,54
577,WILKES BARRE-SCRANTON,1514711,611466,392,19,55
556,RICHMOND-PETERSBURG,1538550,605684,227,33,56
532,ALBANY-SCHENECTADY-TROY,1406830,592387,363,14,57
693,LITTLE ROCK-PINE BLUFF,1457141,591782,344,37,58
571,FORT MYERS-NAPLES,1404391,588549,101,6,59
686,MOBILE-PENSACOLA,1488131,586521,185,11,60
557,KNOXVILLE,1409872,574174,197,22,61
671,TULSA,1425979,558709,237,22,62
542,DAYTON,1285899,529862,178,11,63
541,LEXINGTON,1317819,526375,266,40,64
789,TUCSON-SIERRA VISTA,1230001,501065,103,3,65
881,SPOKANE,1248107,492331,269,24,66
744,HONOLULU,1455118,490240,137,5,67
679,DES MOINES-AMES,1202990,480973,391,35,68
658,GREEN BAY-APPLETON,1160662,479694,192,16,69
573,ROANOKE-LYNCHBURG,1154367,479492,269,37,70
678,WICHITA-HUTCHINSON PLUS,1208826,473997,373,65,71
513,FLINT-SAGINAW-BAY CITY,1147759,473406,169,14,72
652,OMAHA,1181880,461519,256,24,73
564,CHARLESTON-HUNTINGTON,1095299,452535,526,34,74
619,"SPRINGFIELD, MO",1103791,446639,280,32,75
546,"COLUMBIA, SC",1102671,440086,124,11,76
691,HUNTSVILLE-DECATUR-FLORENCE,1095540,439405,142,11,77
500,PORTLAND-AUBURN,1030524,439398,307,11,78
538,"ROCHESTER, NY",1053253,436299,137,5,79
547,TOLEDO,1055245,434950,187,12,80
669,MADISON,1045719,434750,173,11,81
636,HARLINGEN-WESLACO-BROWNSVILLE,1378003,416666,67,4,82
625,WACO-TEMPLE-BRYAN,1109988,405160,140,14,83
752,COLORADO SPRINGS-PUEBLO,1035925,393994,139,12,84
648,CHAMPAIGN-SPRINGFIELD-DECATUR,940049,391127,286,20,85
575,CHATTANOOGA,982901,386409,111,16,86
632,PADUCAH-CAPE GIRARDEAU-HARRISBURG,933747,384048,307,43,87
612,SHREVEPORT,960200,383793,231,25,88
765,EL PASO,1101968,383281,179,4,89
507,SAVANNAH,981144,378287,128,20,90
555,SYRACUSE,924574,373981,165,7,91
637,CEDAR RAPIDS-WATERLOO-DUBUQUE,916906,373418,258,21,92
519,"CHARLESTON, SC",919973,368971,82,6,93
523,BURLINGTON-PLATTSBURGH,859489,359619,395,17,94
716,BATON ROUGE,929168,357081,131,13,95
718,"JACKSON, MS",897318,353183,157,24,96
588,SOUTH BEND-ELKHART,914284,352636,123,10,97
670,FORT SMITH-FAY-SPRNGDL,892684,338755,138,11,98
570,MYRTLE BEACH-FLORENCE,811563,331051,82,8,99
531,"TRI-CITIES, TN-VA",786176,330881,167,19,100
757,BOISE,877598,321974,100,12,101
682,DAVENPORT-ROCK ISLAND-MOLINE,764348,317280,220,17,102
545,GREENVILLE-NEW BERN-WASHINGTON,793227,313879,128,15,103
574,JOHNSTOWN-ALTOONA,743368,301868,278,10,104
722,LINCOLN-HASTINGS-KEARNEY PLUS,751047,301391,353,54,105
530,TALLAHASSEE-THOMASVILLE,761843,299574,105,19,106
811,RENO,763307,299403,110,15,107
649,EVANSVILLE,738739,299179,203,21,108
709,TYLER-LONGVIEW (LFKN&NCGD),779332,295264,111,13,109
509,FORT WAYNE,739638,290312,137,12,110
520,AUGUSTA,726315,285044,104,18,111
725,SIOUX FALLS (MITCHELL),717190,282540,342,57,112
800,BAKERSFIELD,910730,282072,67,1,113
543,SPRINGFIELD-HOLYOKE,699792,278379,112,3,114
551,LANSING,681811,273342,92,5,115
724,FARGO-VALLEY CITY,652980,272045,339,35,116
536,YOUNGSTOWN,635696,268790,99,4,117
801,EUGENE,644273,263985,80,4,118
540,TRAVERSE CITY-CADILLAC,618164,261872,178,25,119
810,YAKIMA-PASCO-RCHLND-KNNWCK,747104,261115,72,6,120
698,MONTGOMERY,638354,257435,141,16,121
675,PEORIA-BLOOMINGTON,627136,256857,173,10,122
855,SANTA BARBARA-SAN MAR-SAN LUIS OBISPO,730660,256153,76,2,123
503,MACON,669760,254859,105,23,124
828,MONTEREY-SALINAS,778275,249170,63,5,125
642,"LAFAYETTE, LA",622022,245007,78,8,126
522,"COLUMBUS, GA",611930,241185,87,17,127
702,LA CROSSE-EAU CLAIRE,579308,233949,123,15,128
600,CORPUS CHRISTI,586539,214340,88,12,129
550,WILMINGTON,498870,213440,58,5,130
634,AMARILLO,544627,204229,160,34,131
868,CHICO-REDDING,510906,200293,98,6,132
673,COLUMBUS-TUPELO-WEST POINT,488573,197243,104,19,133
705,WAUSAU-RHINELANDER,444027,190663,103,11,134
813,MEDFORD-KLAMATH FALLS,455767,188358,84,6,135
604,COLUMBIA-JEFFERSON CITY,478471,188225,126,14,136
610,ROCKFORD,468114,187758,77,5,137
576,SALISBURY,459388,186970,80,5,138
605,TOPEKA,469117,185901,162,18,139
676,DULUTH-SUPERIOR,425878,184079,163,12,140
628,MONROE-EL DORADO,466347,182439,114,18,141
804,PALM SPRINGS,468943,175346,28,1,142
692,BEAUMONT-PORT ARTHUR,461484,175108,61,6,143
651,LUBBOCK,466627,174060,96,18,144
687,MINOT-BISMARCK-DICKINSON,428535,173119,238,40,145
743,ANCHORAGE,458621,171552,58,3,146
633,ODESSA-MIDLAND,474008,166401,73,18,147
624,SIOUX CITY,419820,163361,182,23,148
627,WICHITA FALLS-LAWTON,415585,160385,98,16,149
516,ERIE,394568,160335,87,3,150
603,JOPLIN-PITTSBURG,402512,158995,122,15,151
525,"ALBANY, GA",411899,158634,74,17,152
611,ROCHESTER-MASON CITY-AUSTIN,380543,155845,109,12,153
746,BILOXI-GULFPORT,399607,154772,33,4,154
656,PANAMA CITY,387741,149952,64,9,155
537,BANGOR,346011,149801,180,6,156
592,GAINESVILLE,363722,146569,47,4,157
581,TERRE HAUTE,367599,145197,118,14,158
758,IDAHO FALLS-POCATELLO,421599,144232,92,14,159
502,BINGHAMTON,341905,142251,100,4,160
526,UTICA,348789,141801,105,3,161
657,SHERMAN-ADA,351579,137348,99,11,162
762,MISSOULA,317714,133358,74,7,163
554,WHEELING-STEUBENVILLE,308954,130944,113,10,164
559,BLUEFIELD-BECKLEY-OAK HILL,313018,129647,237,9,165
662,ABILENE-SWEETWATER,319463,121507,97,17,166
756,BILLINGS,293273,120822,126,18,167
771,YUMA-EL CENTRO,378045,120012,29,2,168
710,HATTIESBURG-LAUREL,302668,117556,42,8,169
643,LAKE CHARLES,288307,110134,40,4,170
764,RAPID CITY,270519,109439,112,19,171
598,CLARKSBURG-WESTON,266026,108262,126,12,172
606,DOTHAN,263385,107649,45,6,173
569,HARRISONBURG,266272,102967,54,6,174
584,CHARLOTTESVILLE,261404,102721,59,7,175
717,QUINCY-HANNIBAL-KEOKUK,249764,102590,127,15,176
639,"JACKSON, TN",249786,100214,56,6,177
565,ELMIRA,233803,98428,79,4,178
549,WATERTOWN,250013,96780,105,3,179
644,"ALEXANDRIA, LA",239688,92695,63,4,180
553,MARQUETTE,215655,92203,94,11,181
734,JONESBORO,227641,89946,63,6,182
736,BOWLING GREEN,231037,89606,42,6,183
749,LAREDO,280719,82736,13,2,184
754,BUTTE-BOZEMAN,201625,82680,55,7,185
773,GRAND JUNCTION-MONTROSE,198443,80730,29,2,186
821,"BEND, OR",196734,79702,10,1,187
582,"LAFAYETTE, IN",201731,77744,28,3,188
558,LIMA,191263,75753,38,3,189
760,TWIN FALLS,205630,74444,36,7,190
647,GREENWOOD-GREENVILLE,183288,70684,69,8,191
711,MERIDIAN,174494,69387,49,7,192
755,GREAT FALLS,171790,68730,98,13,193
802,EUREKA,164502,66372,44,2,194
597,PARKERSBURG,152548,64714,38,3,195
737,MANKATO,161401,64412,41,5,196
759,CHEYENNE-SCOTTSBLUFF,149910,61551,35,4,197
661,SAN ANGELO,150781,59277,43,11,198
767,CASPER-RIVERTON,145201,58825,35,5,199
631,OTTUMWA-KIRKSVILLE,127123,51415,65,10,200
0,OUTSIDE ANY DMA (REMOTE ALASKA),145693,47943,191,25,201
638,SAINT JOSEPH,116437,46293,35,4,202
596,ZANESVILLE,91875,37118,18,1,203
745,FAIRBANKS,95642,36479,16,1,204
626,VICTORIA,91769,34643,11,1,205
766,HELENA,76640,32577,19,2,206
552,PRESQUE ISLE,66737,29597,44,1,207
583,ALPENA,39010,17764,14,2,208
740,NORTH PLATTE,36351,15433,14,4,209
747,JUNEAU,32201,12936,8,1,210
798,GLENDIVE,10013,4165,7,2,211
