county_fips,state,county,population,dma_2026_used,dma_2021
06095,CA,SOLANO,452078,SACRAMENTO-STOCKTON-MODESTO,SAN FRANCISCO-OAKLAND-SAN JOSE
42055,PA,FRANKLIN,145577,HARRISBURG-LANCASTER-LEBANON-YORK,"WASHINGTON, DC-HAGRSTWN"
39009,OH,ATHENS,67967,"COLUMBUS, OH",CHARLESTON-HUNTINGTON
47053,TN,GIBSON,56041,"JACKSON, TN",MEMPHIS
51137,VA,ORANGE,46654,CHARLOTTESVILLE,RICHMOND-PETERSBURG
29161,MO,PHELPS,46106,SAINT LOUIS,"SPRINGFIELD, MO"
39011,OH,AUGLAIZE,45348,LIMA,DAYTON
39059,OH,GUERNSEY,39085,"COLUMBUS, OH",WHEELING-STEUBENVILLE
39137,OH,PUTNAM,35849,LIMA,TOLEDO
27103,MN,NICOLLET,33696,MANKATO,MINNEAPOLIS-SAINT PAUL
24019,MD,DORCHESTER,31372,SALISBURY,BALTIMORE
51065,VA,FLUVANNA,27224,CHARLOTTESVILLE,RICHMOND-PETERSBURG
48171,TX,GILLESPIE,26836,AUSTIN,SAN ANTONIO
13111,GA,FANNIN,25501,ATLANTA,CHATTANOOGA
05071,AR,JOHNSON,24554,FORT SMITH-FAY-SPRNGDL,LITTLE ROCK-PINE BLUFF
48337,TX,MONTAGUE,21225,WICHITA FALLS-LAWTON,DALLAS-FORT WORTH
29147,MO,NODAWAY,21166,KANSAS CITY,SAINT JOSEPH
56023,WY,LINCOLN,19716,SALT LAKE CITY,IDAHO FALLS-POCATELLO
55129,WI,WASHBURN,18523,MINNEAPOLIS-SAINT PAUL,DULUTH-SUPERIOR
21001,KY,ADAIR,17840,LOUISVILLE,BOWLING GREEN
37131,NC,NORTHAMPTON,17384,NORFOLK-PORTSMOUTH-NEWPORT NEWS,RALEIGH-DURHAM
17045,IL,EDGAR,16549,CHAMPAIGN-SPRINGFIELD-DECATUR,TERRE HAUTE
27001,MN,AITKIN,15042,MINNEAPOLIS-SAINT PAUL,DULUTH-SUPERIOR
47023,TN,CHESTER,14824,"JACKSON, TN",MEMPHIS
48063,TX,CAMP,14549,TYLER-LONGVIEW (LFKN&NCGD),SHREVEPORT
45081,SC,SALUDA,13922,"COLUMBIA, SC",AUGUSTA
47181,TN,WAYNE,13890,NASHVILLE,HUNTSVILLE-DECATUR-FLORENCE
05065,AR,IZARD,13658,LITTLE ROCK-PINE BLUFF,JONESBORO
17017,IL,CASS,13631,CHAMPAIGN-SPRINGFIELD-DECATUR,QUINCY-HANNIBAL-KEOKUK
48455,TX,TRINITY,13431,HOUSTON,TYLER-LONGVIEW (LFKN&NCGD)
17025,IL,CLAY,13137,SAINT LOUIS,TERRE HAUTE
41049,OR,MORROW,12121,"PORTLAND, OR",YAKIMA-PASCO-RCHLND-KNNWCK
48387,TX,RED RIVER,11944,DALLAS-FORT WORTH,SHREVEPORT
21153,KY,MAGOFFIN,11583,LEXINGTON,CHARLESTON-HUNTINGTON
51077,VA,GRAYSON,11459,ROANOKE-LYNCHBURG,GREENSBORO-HIGH POINT-WINSTON SALEM
39121,OH,NOBLE,11290,"COLUMBUS, OH",WHEELING-STEUBENVILLE
48403,TX,SABINE,10176,TYLER-LONGVIEW (LFKN&NCGD),SHREVEPORT
01037,AL,COOSA,10060,BIRMINGHAM,MONTGOMERY
18007,IN,BENTON,9608,"LAFAYETTE, IN",INDIANAPOLIS
13253,GA,SEMINOLE,9568,TALLAHASSEE-THOMASVILLE,DOTHAN
19063,IA,EMMET,9516,SIOUX CITY,MANKATO
05099,AR,NEVADA,8521,LITTLE ROCK-PINE BLUFF,SHREVEPORT
56019,WY,JOHNSON,8292,DENVER,CASPER-RIVERTON
31023,NE,BUTLER,8021,LINCOLN-HASTINGS-KEARNEY PLUS,OMAHA
06049,CA,MODOC,7744,CHICO-REDDING,MEDFORD-KLAMATH FALLS
42053,PA,FOREST,7565,PITTSBURGH,JOHNSTOWN-ALTOONA
13269,GA,TAYLOR,7388,MACON,"COLUMBUS, GA"
55091,WI,PEPIN,7374,LA CROSSE-EAU CLAIRE,MINNEAPOLIS-SAINT PAUL
41023,OR,GRANT,7150,"PORTLAND, OR",BOISE
51021,VA,BLAND,6112,ROANOKE-LYNCHBURG,BLUEFIELD-BECKLEY-OAK HILL
21057,KY,CUMBERLAND,5891,NASHVILLE,BOWLING GREEN
46041,SD,DEWEY,5780,SIOUX FALLS (MITCHELL),MINOT-BISMARCK-DICKINSON
29179,MO,REYNOLDS,5734,SAINT LOUIS,PADUCAH-CAPE GIRARDEAU-HARRISBURG
31031,NE,CHERRY,5677,DENVER,SIOUX FALLS (MITCHELL)
31161,NE,SHERIDAN,5299,DENVER,RAPID CITY
30007,MT,BROADWATER,5237,HELENA,BUTTE-BOZEMAN
29199,MO,SCOTLAND,4611,OTTUMWA-KIRKSVILLE,QUINCY-HANNIBAL-KEOKUK
08027,CO,CUSTER,4591,COLORADO SPRINGS-PUEBLO,DENVER
29087,MO,HOLT,4199,KANSAS CITY,SAINT JOSEPH
19003,IA,ADAMS,3359,DES MOINES-AMES,OMAHA
08023,CO,COSTILLA,3331,DENVER,ALBUQUERQUE-SANTA FE
48275,TX,KNOX,3239,ABILENE-SWEETWATER,WICHITA FALLS-LAWTON
29129,MO,MERCER,3161,KANSAS CITY,DES MOINES-AMES
30025,MT,FALLON,3003,MINOT-BISMARCK-DICKINSON,GLENDIVE
46105,SD,PERKINS,2957,RAPID CITY,MINOT-BISMARCK-DICKINSON
20129,KS,MORTON,2695,WICHITA-HUTCHINSON PLUS,AMARILLO
31133,NE,PAWNEE,2507,LINCOLN-HASTINGS-KEARNEY PLUS,OMAHA
08033,CO,DOLORES,2278,DENVER,GRAND JUNCTION-MONTROSE
29227,MO,WORTH,2087,KANSAS CITY,SAINT JOSEPH
32011,NV,EUREKA,1785,SALT LAKE CITY,DENVER
08017,CO,CHEYENNE,1718,DENVER,COLORADO SPRINGS-PUEBLO
48447,TX,THROCKMORTON,1350,ABILENE-SWEETWATER,WICHITA FALLS-LAWTON
46021,SD,CAMPBELL,1229,SIOUX FALLS (MITCHELL),MINOT-BISMARCK-DICKINSON
46075,SD,JONES,889,RAPID CITY,SIOUX FALLS (MITCHELL)
31091,NE,HOOKER,880,DENVER,NORTH PLATTE
31075,NE,GRANT,871,DENVER,RAPID CITY
31165,NE,SIOUX,546,CHEYENNE-SCOTTSBLUFF,RAPID CITY
31007,NE,BANNER,433,DENVER,RAPID CITY
31009,NE,BLAINE,403,LINCOLN-HASTINGS-KEARNEY PLUS,NORTH PLATTE
31005,NE,ARTHUR,315,DENVER,NORTH PLATTE
