cbsa_code,cbsa_name,cbsa_type,population,households,zips
35620,New York-Newark-Jersey City NY-NJ,Metro,20070894,7377649,1105
31080,Los Angeles-Long Beach-Anaheim CA,Metro,13206061,4494673,642
16980,Chicago-Naperville-Elgin IL-IN,Metro,9452497,3607171,467
19100,Dallas-Fort Worth-Arlington TX,Metro,7644454,2763998,400
26420,Houston-Pasadena-The Woodlands TX,Metro,7149495,2520329,358
47900,Washington-Arlington-Alexandria DC-VA-MD-WV,Metro,6290838,2326883,759
37980,Philadelphia-Camden-Wilmington PA-NJ-DE-MD,Metro,6229546,2409769,524
33100,Miami-Fort Lauderdale-West Palm Beach FL,Metro,6144573,2334884,284
12060,Atlanta-Sandy Springs-Roswell GA,Metro,6092358,2258924,317
14460,Boston-Cambridge-Newton MA-NH,Metro,4939179,1910916,386
38060,Phoenix-Mesa-Chandler AZ,Metro,4833564,1784161,220
41860,San Francisco-Oakland-Fremont CA,Metro,4718144,1736152,249
40140,Riverside-San Bernardino-Ontario CA,Metro,4601116,1431730,215
19820,Detroit-Warren-Dearborn MI,Metro,4376925,1755603,269
42660,Seattle-Tacoma-Bellevue WA,Metro,4019373,1564605,234
33460,Minneapolis-St. Paul-Bloomington MN-WI,Metro,3698799,1438159,260
41740,San Diego-Chula Vista-Carlsbad CA,Metro,3292107,1157493,181
45300,Tampa-St. Petersburg-Clearwater FL,Metro,3173492,1307055,213
19740,Denver-Aurora-Centennial CO,Metro,2954064,1164306,178
12580,Baltimore-Columbia-Towson MD,Metro,2826699,1094298,202
41180,St. Louis MO-IL,Metro,2816810,1148864,281
36740,Orlando-Kissimmee-Sanford FL,Metro,2699932,1001551,154
16740,Charlotte-Concord-Gastonia NC-SC,Metro,2663096,1035192,188
41700,San Antonio-New Braunfels TX,Metro,2549978,922948,148
38900,Portland-Vancouver-Hillsboro OR-WA,Metro,2508987,977898,157
38300,Pittsburgh PA,Metro,2455100,1059269,445
40900,Sacramento-Roseville-Folsom CA,Metro,2403470,870706,204
12420,Austin-Round Rock-San Marcos TX,Metro,2294147,884493,128
29820,Las Vegas-Henderson-North Las Vegas NV,Metro,2265314,845896,117
17140,Cincinnati OH-KY-IN,Metro,2241103,884787,202
28140,Kansas City MO-KS,Metro,2196532,869483,247
17410,Cleveland OH,Metro,2176539,923014,135
18140,Columbus OH,Metro,2126360,837040,159
26900,Indianapolis-Carmel-Greenwood IN,Metro,2085062,817536,147
41940,San Jose-Sunnyvale-Santa Clara CA,Metro,2033635,684611,115
34980,Nashville-Davidson--Murfreesboro--Franklin TN,Metro,2020855,783995,147
47260,Virginia Beach-Chesapeake-Norfolk VA-NC,Metro,1776140,693149,174
39300,Providence-Warwick RI-MA,Metro,1676578,670567,133
27260,Jacksonville FL,Metro,1605476,628183,85
33340,Milwaukee-Waukesha WI,Metro,1581043,653548,97
39580,Raleigh-Cary NC,Metro,1436734,552765,79
36420,Oklahoma City OK,Metro,1419607,550235,143
31140,Louisville/Jefferson County KY-IN,Metro,1354054,546987,165
32820,Memphis TN-MS-AR,Metro,1342322,518816,134
40060,Richmond VA,Metro,1315333,518897,130
25540,Hartford-West Hartford-East Hartford CT,Metro,1306662,521123,156
41620,Salt Lake City-Murray UT,Metro,1261277,428296,77
13820,Birmingham AL,Metro,1187220,469753,163
23420,Fresno CA,Metro,1169225,366283,112
24340,Grand Rapids-Wyoming-Kentwood MI,Metro,1164412,435511,106
15380,Buffalo-Cheektowaga NY,Metro,1164346,494409,110
40380,Rochester NY,Metro,1067641,442221,139
46060,Tucson AZ,Metro,1054777,432871,69
46520,Urban Honolulu HI,Metro,1016508,336412,69
46140,Tulsa OK,Metro,1010403,395370,118
35380,New Orleans-Metairie LA,Metro,1007695,410430,130
36540,Omaha NE-IA,Metro,967121,375229,131
14860,Bridgeport-Stamford-Danbury CT,Metro,958663,354531,78
24860,Greenville-Anderson-Greer SC,Metro,944174,372231,68
10740,Albuquerque NM,Metro,912803,366266,82
12540,Bakersfield-Delano CA,Metro,910781,282106,68
28940,Knoxville TN,Metro,896978,365534,87
10580,Albany-Schenectady-Troy NY,Metro,892308,373060,163
32580,McAllen-Edinburg-Mission TX,Metro,870763,258535,31
10900,Allentown-Bethlehem-Easton PA-NJ,Metro,869563,337125,95
21340,El Paso TX,Metro,868942,297287,148
49340,Worcester MA,Metro,860227,331479,98
12940,Baton Rouge LA,Metro,859428,329432,115
37100,Oxnard-Thousand Oaks-Ventura CA,Metro,848341,281613,47
35840,North Port-Bradenton-Sarasota FL,Metro,836249,370088,62
17900,Columbia SC,Metro,825096,329062,75
19430,Dayton-Kettering-Beavercreek OH,Metro,821003,341917,78
16700,Charleston-North Charleston SC,Metro,798344,318704,59
24660,Greensboro-High Point NC,Metro,787202,316919,69
44700,Stockton-Lodi CA,Metro,778472,240865,43
14260,Boise City ID,Metro,765942,280534,64
15980,Cape Coral-Fort Myers FL,Metro,760543,317993,47
17820,Colorado Springs CO,Metro,757960,284457,72
30780,Little Rock-North Little Rock-Conway AR,Metro,738944,301034,88
29460,Lakeland-Winter Haven FL,Metro,735971,276669,55
19780,Des Moines-West Des Moines IA,Metro,709501,280752,133
28880,Kiryas Joel-Poughkeepsie-Newburgh NY,Metro,700703,249197,95
10420,Akron OH,Metro,686508,288003,65
31540,Madison WI,Metro,686468,289999,89
49180,Winston-Salem NC,Metro,672700,274379,65
39340,Provo-Orem-Lehi UT,Metro,667610,187043,31
45060,Syracuse NY,Metro,666124,270227,110
48620,Wichita KS,Metro,648868,252750,83
36260,Ogden UT,Metro,637197,204721,33
19660,Deltona-Daytona Beach-Ormond Beach FL,Metro,636658,268236,53
27140,Jackson MS,Metro,623735,242599,90
37340,Palm Bay-Melbourne-Titusville FL,Metro,607192,257239,46
12260,Augusta-Richmond County GA-SC,Metro,606326,236820,56
45780,Toledo OH,Metro,602948,250461,80
25420,Harrisburg-Carlisle PA,Metro,591460,237379,75
44060,Spokane-Spokane Valley WA,Metro,586472,231736,70
42540,Scranton--Wilkes-Barre PA,Metro,566381,233591,97
20500,Durham-Chapel Hill NC,Metro,565331,228508,41
33700,Modesto CA,Metro,557047,178270,28
16860,Chattanooga TN-GA,Metro,554007,222358,52
29540,Lancaster PA,Metro,553329,206916,72
38860,Portland-South Portland ME,Metro,552146,233366,103
39900,Reno NV,Metro,550003,216578,47
22220,Fayetteville-Springdale-Rogers AR,Metro,547330,203369,53
30460,Lexington-Fayette KY,Metro,516157,208898,55
37860,Pensacola-Ferry Pass-Brent FL,Metro,509291,197411,38
26620,Huntsville AL,Metro,491506,197076,49
42220,Santa Rosa-Petaluma CA,Metro,489369,187854,50
44180,Springfield MO,Metro,481684,194309,62
38940,Port St. Lucie FL,Metro,480690,194500,31
29620,Lansing-East Lansing MI,Metro,479132,193914,57
28660,Killeen-Temple TX,Metro,476628,170451,38
49620,York-Hanover PA,Metro,470750,183672,49
47300,Visalia CA,Metro,469248,140761,41
44140,Springfield MA,Metro,465735,184987,53
46700,Vallejo CA,Metro,452078,155435,16
35300,New Haven CT,Metro,450952,180581,44
42200,Santa Maria-Santa Barbara CA,Metro,448492,148457,41
18580,Corpus Christi TX,Metro,446812,166204,49
23060,Fort Wayne IN,Metro,446591,176366,68
41420,Salem OR,Metro,434688,155137,39
47930,Waterbury-Shelton CT,Metro,428285,172494,42
39740,Reading PA,Metro,427942,160978,53
41500,Salinas CA,Metro,426210,128395,34
22420,Flint MI,Metro,425154,173946,36
31700,Manchester-Nashua NH,Metro,423051,167904,39
15940,Canton-Massillon OH,Metro,422330,174861,50
48900,Wilmington NC,Metro,421376,181818,36
15180,Brownsville-Harlingen TX,Metro,420928,132483,21
49660,Youngstown-Warren OH,Metro,420659,180461,58
33660,Mobile AL,Metro,415186,163904,52
25060,Gulfport-Biloxi MS,Metro,410568,160861,41
42340,Savannah GA,Metro,408675,158289,31
11700,Asheville NC,Metro,406882,174403,45
29180,Lafayette LA,Metro,402659,159618,41
11260,Anchorage AK,Metro,399843,147680,43
13140,Beaumont-Port Arthur TX,Metro,399469,150888,41
45940,Trenton-Princeton NJ,Metro,399004,142658,38
43340,Shreveport-Bossier City LA,Metro,392892,159608,67
33860,Montgomery AL,Metro,392044,154790,64
22180,Fayetteville NC,Metro,388050,148015,21
19340,Davenport-Moline-Rock Island IA-IL,Metro,385040,159610,71
45220,Tallahassee FL,Metro,384671,155956,38
21660,Eugene-Springfield OR,Metro,383214,156708,37
34940,Naples-Marco Island FL,Metro,374859,157420,26
26580,Huntington-Ashland WV-KY-OH,Metro,374521,152901,110
12100,Atlantic City-Hammonton NJ,Metro,370125,147838,53
37900,Peoria IL,Metro,366726,150743,88
25860,Hickory-Lenoir-Morganton NC,Metro,362597,146094,31
34820,Myrtle Beach-Conway-North Myrtle Beach SC,Metro,362527,155664,21
36100,Ocala FL,Metro,362194,149964,38
11460,Ann Arbor MI,Metro,356839,142674,19
24540,Greeley CO,Metro,355558,124581,39
31180,Lubbock TX,Metro,350279,133725,52
22660,Fort Collins-Loveland CO,Metro,349134,140432,25
23540,Gainesville FL,Metro,347731,140696,43
43900,Spartanburg SC,Metro,346684,134750,44
30700,Lincoln NE,Metro,339042,134022,53
40420,Rockford IL,Metro,337383,133944,33
24580,Green Bay WI,Metro,332910,134426,35
17980,Columbus GA-AL,Metro,330380,129456,47
43780,South Bend-Mishawaka IN-MI,Metro,325786,128422,34
14500,Boulder CO,Metro,320972,127937,25
40220,Roanoke VA,Metro,317949,133620,69
17300,Clarksville TN-KY,Metro,314569,115545,26
28700,Kingsport-Bristol TN-VA,Metro,308183,131269,40
28420,Kennewick-Richland WA,Metro,302252,104714,16
47380,Waco TX,Metro,298341,110817,47
36500,Olympia-Lacey-Tumwater WA,Metro,293455,114967,21
25180,Hagerstown-Martinsburg MD-WV,Metro,292683,112680,38
46540,Utica-Rome NY,Metro,291135,118681,74
30980,Longview TX,Metro,287185,107721,45
43620,Sioux Falls SD-MN,Metro,286564,113139,54
18880,Crestview-Fort Walton Beach-Destin FL,Metro,284288,112783,27
42020,San Luis Obispo-Paso Robles CA,Metro,283428,108245,36
20260,Duluth MN-WI,Metro,282358,120315,74
32900,Merced CA,Metro,279635,83051,22
42100,Santa Cruz-Watsonville CA,Metro,278765,97566,21
16300,Cedar Rapids IA,Metro,276436,113175,56
14740,Bremerton-Silverdale-Port Orchard WA,Metro,275467,105768,26
21500,Erie PA,Metro,274171,110765,46
21780,Evansville IN,Metro,268851,110680,46
11100,Amarillo TX,Metro,267966,101799,41
29700,Laredo TX,Metro,266970,78239,10
17780,College Station-Bryan TX,Metro,266732,98469,29
43640,Slidell-Mandeville-Covington LA,Metro,264712,102090,20
31340,Lynchburg VA,Metro,258341,103824,38
28020,Kalamazoo-Portage MI,Metro,257927,105522,24
49420,Yakima WA,Metro,257606,86155,25
29340,Lake Charles LA,Metro,257553,98974,32
46220,Tuscaloosa AL,Metro,257464,102862,44
13780,Binghamton NY,Metro,252105,103949,45
22020,Fargo ND-MN,Metro,250332,103762,48
13460,Bend OR,Metro,249867,99863,20
42580,Seaford DE,Micro,247332,102516,23
39150,Prescott Valley-Prescott AZ,Metro,238858,105836,34
46340,Tyler TX,Metro,238117,90293,22
11540,Appleton WI,Metro,235615,94423,28
16580,Champaign-Urbana IL,Metro,235463,96603,52
45820,Topeka KS,Metro,233744,95128,72
19300,Daphne-Fairhope-Foley AL,Metro,231674,93059,26
12700,Barnstable Town MA,Metro,231065,104355,55
29740,Las Cruces NM,Metro,230955,85162,30
33740,Monroe LA,Metro,228741,90069,36
31420,Macon-Bibb County GA,Metro,227269,89283,33
40340,Rochester MN,Metro,226558,90794,38
22900,Fort Smith AR-OK,Metro,225596,89028,39
13380,Bellingham WA,Metro,224947,89346,18
15540,Burlington-South Burlington VT,Metro,224033,91588,49
16820,Charlottesville VA,Metro,223402,88527,47
32780,Medford OR,Metro,221484,89690,15
30150,Lebanon-Claremont NH-VT,Micro,219857,93599,119
29200,Lafayette-West Lafayette IN,Metro,218101,84193,37
16620,Charleston WV,Metro,215223,93403,121
12020,Athens-Clarke County GA,Metro,214444,82799,26
25940,Hilton Head Island-Bluffton-Port Royal SC,Metro,213392,86584,25
29420,Lake Havasu City-Kingman AZ,Metro,212594,91052,31
17860,Columbia MO,Metro,211908,84297,30
17020,Chico CA,Metro,211776,83372,24
35980,Norwich-New London-Willimantic CT,Metro,211026,86643,31
44100,Springfield IL,Metro,208869,89584,60
39540,Racine-Mount Pleasant WI,Metro,207878,82949,15
26380,Houma-Bayou Cane-Thibodaux LA,Metro,207399,78615,25
30500,Lexington Park MD,Metro,206814,74877,41
21140,Elkhart-Goshen IN,Metro,206676,74163,13
27740,Johnson City TN,Metro,206358,86992,20
27340,Jacksonville NC,Metro,205970,70680,13
22500,Florence SC,Metro,205228,82475,21
49740,Yuma AZ,Metro,203967,69612,12
23580,Gainesville GA,Metro,201861,70616,12
25900,Hilo-Kailua HI,Micro,200597,73019,32
27900,Joplin MO-KS,Metro,199466,77893,36
37460,Panama City-Panama City Beach FL,Metro,198828,78563,22
47580,Warner Robins GA,Metro,194811,73993,13
12220,Auburn-Opelika AL,Metro,191459,75786,20
39820,Redding CA,Metro,191242,76279,33
41060,St. Cloud MN,Metro,191197,73195,39
40980,Saginaw MI,Metro,189503,78200,24
39460,Punta Gorda FL,Metro,185441,85196,17
13740,Billings MT,Metro,184466,76180,41
13980,Blacksburg-Christiansburg-Radford VA,Metro,183220,72631,36
27180,Jackson TN,Metro,182623,72541,36
41100,St. George UT,Metro,180316,62441,22
49700,Yuba City CA,Metro,179910,59537,22
28740,Kingston NY,Metro,179901,72456,57
14540,Bowling Green KY,Metro,179818,69204,25
15500,Burlington NC,Metro,179773,71228,12
34740,Muskegon-Norton Shores MI,Metro,177197,69150,15
10180,Abilene TX,Metro,177114,66031,28
20100,Dover DE,Metro,176378,65376,21
26980,Iowa City IA,Metro,174786,69994,22
20940,El Centro CA,Metro,174078,50400,17
17660,Coeur d'Alene ID,Metro,173890,68223,14
24780,Greenville NC,Metro,173174,71142,16
36780,Oshkosh-Neenah WI,Metro,172848,71419,15
14010,Bloomington IL,Metro,172197,69591,32
36220,Odessa TX,Metro,170622,59623,13
29100,La Crosse-Onalaska WI-MN,Metro,170442,70331,27
33260,Midland TX,Metro,170282,60621,15
20740,Eau Claire WI,Metro,170018,68486,17
39380,Pueblo CO,Metro,168110,67134,17
45460,Terre Haute IN,Metro,167735,66181,48
47940,Waterloo-Cedar Falls IA,Metro,167487,68583,30
20700,East Stroudsburg PA,Micro,167243,61928,35
35660,Niles MI,Metro,165033,68166,25
27980,Kahului-Wailuku HI,Metro,164836,56122,19
11200,Amherst Town-Northampton MA,Metro,163931,62412,29
27500,Janesville-Beloit WI,Metro,163267,65857,15
33780,Monroe MI,Metro,162566,64504,18
28450,Kenosha WI,Metro,161792,63963,19
44300,State College PA,Metro,160765,59828,31
14020,Bloomington IN,Metro,160217,66594,22
27100,Jackson MI,Metro,160193,62690,19
42680,Sebastian-Vero Beach-West Vero Corridor FL,Metro,159820,71183,16
25620,Hattiesburg MS,Metro,159764,61969,14
26820,Idaho Falls ID,Metro,157777,53435,22
47220,Vineland NJ,Metro,157623,53897,21
24300,Grand Junction CO,Metro,155769,63160,19
19460,Decatur AL,Metro,155373,62316,18
12620,Bangor ME,Metro,154513,65269,47
26140,Homosassa Springs FL,Metro,153269,69161,21
10780,Alexandria LA,Metro,153072,59519,37
45900,Traverse City MI,Metro,152639,64495,31
42140,Santa Fe NM,Metro,151606,66859,18
25260,Hanford-Corcoran CA,Metro,151307,43721,9
22520,Florence-Muscle Shoals AL,Metro,149851,63551,17
18340,Corbin KY,Micro,149796,57701,41
27620,Jefferson City MO,Metro,149615,57757,43
20020,Dothan AL,Metro,149278,61798,26
18180,Concord NH,Micro,148974,58548,30
18260,Cookeville TN,Micro,148295,60072,26
48660,Wichita Falls TX,Metro,148148,56652,23
39660,Rapid City SD,Metro,148115,60302,30
10500,Albany GA,Metro,147797,58590,21
43580,Sioux City IA-NE-SD,Metro,147607,55398,35
30860,Logan UT-ID,Metro,147338,46248,25
45500,Texarkana TX-AR,Metro,147305,57636,24
40580,Rocky Mount NC,Metro,147194,60398,19
30140,Lebanon PA,Metro,146068,56741,18
16540,Chambersburg PA,Metro,145577,58149,31
46660,Valdosta GA,Metro,145473,54506,19
36837,Ottawa IL,Micro,144319,60307,55
19140,Dalton GA,Metro,143615,51174,13
39060,Pottsville PA,Micro,142904,57844,57
22380,Flagstaff AZ,Metro,141503,49325,26
49020,Winchester VA-WV,Metro,140749,54168,28
25220,Hammond LA,Metro,140702,53901,17
43300,Sherman-Denison TX,Metro,139540,53801,18
25500,Harrisonburg VA,Metro,138959,50740,23
10540,Albany OR,Metro,138703,52971,16
48540,Wheeling WV-OH,Metro,138571,58309,38
34900,Napa CA,Metro,138474,49946,12
21700,Eureka-Arcata CA,Micro,136770,56568,38
21060,Elizabethtown KY,Metro,136426,52660,19
45860,Torrington CT,Micro,136406,57023,36
34060,Morgantown WV,Metro,136274,55834,30
44220,Springfield OH,Metro,135514,55630,15
46180,Tupelo MS,Micro,135419,53474,20
27860,Jonesboro AR,Metro,135314,52912,24
31740,Manhattan KS,Metro,134627,49443,21
48680,Wildwood-The Villages FL,Metro,134603,65013,10
12980,Battle Creek MI,Metro,134511,54396,15
27780,Johnstown PA,Metro,134344,56765,52
13900,Bismarck ND,Metro,133225,54343,22
34580,Mount Vernon-Anacortes WA,Metro,131132,51072,14
48140,Wausau WI,Metro,129870,53347,18
27460,Jamestown-Dunkirk NY,Micro,129533,54061,38
24020,Glens Falls NY,Metro,129279,54528,44
38340,Pittsfield MA,Metro,128890,56948,38
31300,Lumberton NC,Micro,128189,47452,17
43420,Sierra Vista-Douglas AZ,Metro,127279,51479,26
11500,Anniston-Oxford AL,Metro,126278,50266,17
11180,Ames IA,Metro,125724,49499,29
30020,Lawton OK,Metro,125623,46586,20
11020,Altoona PA,Metro,125583,52281,16
17420,Cleveland TN,Metro,125447,48660,17
41540,Salisbury MD,Metro,125416,47199,29
34100,Morristown TN,Metro,124864,48899,13
35100,New Bern NC,Micro,124587,50972,26
31900,Mansfield OH,Metro,124341,50000,13
49300,Wooster OH,Micro,124210,46241,16
12300,Augusta-Waterville ME,Micro,123606,53205,34
40080,Richmond-Berea KY,Micro,121946,48199,14
44420,Staunton-Stuarts Draft VA,Metro,121250,49531,23
41780,Sandusky OH,Metro,121234,52215,25
33540,Missoula MT,Metro,121050,52175,22
48700,Williamsport PA,Metro,120665,47851,23
14580,Bozeman MT,Metro,120661,47837,13
48300,Wenatchee-East Wenatchee WA,Metro,120589,45062,21
22140,Farmington NM,Metro,120514,42125,17
41660,San Angelo TX,Metro,120485,47001,18
48260,Weirton-Steubenville WV-OH,Metro,119368,51044,35
29940,Lawrence KS,Metro,119025,48628,8
48060,Watertown-Fort Drum NY,Metro,118384,46157,41
43100,Sheboygan WI,Metro,118054,48702,16
24140,Goldsboro NC,Metro,116708,45606,10
41140,St. Joseph MO-KS,Metro,116437,46293,35
13220,Beckley WV,Metro,115014,46781,86
46300,Twin Falls ID,Metro,114669,40958,12
36980,Owensboro KY,Metro,114424,45607,17
39480,Putnam CT,Micro,113950,45674,34
31020,Longview-Kelso WA,Metro,113654,43830,11
15260,Brunswick-St. Simons GA,Metro,111350,45077,17
30340,Lewiston-Auburn ME,Metro,111139,45393,24
33140,Michigan City-La Porte IN,Metro,111069,43197,13
34620,Muncie IN,Metro,111026,45091,14
40700,Roseburg OR,Micro,110707,45619,26
30620,Lima OH,Metro,110066,44222,14
11360,Anderson Creek NC,Micro,109954,39714,12
44980,Sunbury PA,Micro,109640,45457,28
43320,Show Low AZ,Micro,109312,37709,29
25850,Hermitage PA,Micro,108962,45074,20
26300,Hot Springs AR,Metro,108087,47034,12
29300,LaGrange GA-AL,Micro,107508,41895,9
28060,Kalispell MT,Micro,107243,43756,18
48580,Whitewater-Elkhorn WI,Micro,107228,42040,16
44940,Sumter SC,Metro,106910,42572,11
32390,Massena-Ogdensburg NY,Micro,106718,40505,47
28100,Kankakee IL,Metro,106524,41114,16
23460,Gadsden AL,Metro,106393,43134,12
27060,Ithaca NY,Metro,106357,42621,15
41400,Salem OH,Micro,106075,43255,21
43140,Shelby-Kings Mountain NC,Micro,105836,42321,14
26090,Holland MI,Micro,105125,39556,17
10700,Albertville AL,Micro,104118,39408,9
24220,Grand Forks ND-MN,Metro,103717,43050,34
19500,Decatur IL,Metro,103593,44387,18
35420,New Philadelphia-Dover OH,Micro,102791,40143,20
31860,Mankato MN,Metro,102592,39540,17
42700,Sebring FL,Metro,102443,44198,11
37140,Paducah KY-IL,Metro,102352,43382,25
20220,Dubuque IA,Metro,102139,41010,18
10300,Adrian MI,Micro,102109,39586,19
19260,Danville VA,Micro,101663,43733,17
42940,Sevierville TN,Micro,101241,40575,8
13020,Bay City MI,Metro,100609,43743,11
16940,Cheyenne WY,Metro,100548,41455,16
14140,Bluefield WV-VA,Micro,100409,42413,39
46020,Truckee-Grass Valley CA,Micro,100177,41937,16
22540,Fond du Lac WI,Metro,98878,40697,15
34180,Moses Lake WA,Micro,98288,33913,16
23900,Gettysburg PA,Metro,97984,37988,18
47020,Victoria TX,Metro,97506,36972,15
19060,Cumberland MD-WV,Micro,97397,39636,30
16020,Cape Girardeau MO-IL,Metro,96202,38508,31
21820,Fairbanks-College AK,Metro,95642,36479,16
14660,Brainerd MN,Micro,95579,40059,26
38240,Pinehurst-Southern Pines NC,Metro,95400,40306,14
40660,Rome GA,Metro,94850,35429,11
18500,Corning NY,Micro,92524,39277,28
38210,Pikeville KY,Micro,92505,38678,74
25840,Hermiston-Pendleton OR,Micro,92218,32574,18
24940,Greenwood SC,Micro,91928,37223,15
13180,Beaver Dam WI,Micro,91889,36453,22
49780,Zanesville OH,Micro,91875,37118,18
27600,Jefferson GA,Micro,91556,31515,8
46380,Ukiah CA,Micro,91403,36222,28
32940,Meridian MS,Micro,91276,36972,18
24420,Grants Pass OR,Metro,89829,36797,12
37620,Parkersburg-Vienna WV,Metro,89826,38568,20
38540,Pocatello ID,Metro,89279,33217,12
25740,Helena MT,Metro,88948,37568,25
45180,Talladega-Sylacauga AL,Micro,88364,36091,15
17220,Clarksburg WV,Micro,88226,36131,29
44340,Statesboro GA,Micro,87965,32367,11
36660,Opelousas LA,Micro,87041,34221,15
36020,Oak Harbor WA,Micro,86857,35917,8
18980,Cullman AL,Micro,86701,34325,13
31260,Lufkin TX,Micro,86614,32210,9
36700,Orangeburg SC,Micro,86433,34850,18
26860,Indiana PA,Micro,85384,34269,46
18700,Corvallis OR,Metro,85363,33977,8
40780,Russellville AR,Micro,85345,32684,22
29020,Kokomo IN,Metro,85028,36226,9
24500,Great Falls MT,Metro,84388,35105,18
49220,Wisconsin Rapids-Marshfield WI,Micro,84016,36460,14
16500,Centralia WA,Micro,83311,32023,22
32740,Meadville PA,Micro,83148,33507,21
38460,Plattsburgh NY,Micro,82826,33852,26
28580,Key West-Key Largo FL,Micro,82776,36418,12
44660,Stillwater OK,Micro,82584,31386,10
41820,Sanford NC,Micro,82531,31288,6
29860,Laurel MS,Micro,82433,31564,18
21300,Elmira NY,Metro,82161,34489,16
40090,Rifle CO,Micro,81918,31180,14
18020,Columbus IN,Metro,81847,32475,10
31820,Manitowoc WI,Micro,80792,34833,16
33910,Monticello NY,Micro,80618,30987,56
33220,Midland MI,Metro,80245,33090,11
16220,Casper WY,Metro,79941,32686,14
42620,Searcy AR,Micro,79770,30917,19
25980,Hinesville GA,Metro,79728,28342,10
48980,Wilson NC,Micro,78887,32210,10
42860,Seneca SC,Micro,78776,33302,13
36460,Olean NY,Micro,78546,32361,33
38820,Port Angeles WA,Micro,78399,34500,11
47700,Warsaw IN,Micro,78165,30528,15
10140,Aberdeen WA,Micro,77997,30875,21
33500,Minot ND,Metro,77823,32252,33
17060,Chillicothe OH,Micro,77708,29615,11
26660,Huntsville TX,Micro,77611,25130,11
24260,Grand Island NE,Metro,77263,29604,19
28300,Keene NH,Micro,77170,31683,27
25720,Heber UT,Micro,77021,26684,12
48020,Watertown-Fort Atkinson WI,Micro,76885,31121,10
20180,DuBois PA,Micro,76364,31343,48
38220,Pine Bluff AR,Micro,76061,29890,19
39500,Quincy IL-MO,Micro,75966,31185,25
34340,Mount Airy NC,Micro,75587,31514,11
23180,Frankfort KY,Micro,75365,31246,10
43740,Somerset PA,Micro,74684,30384,40
43060,Shawnee OK,Micro,74555,27574,11
26020,Hobbs NM,Micro,74455,25049,13
19180,Danville IL,Micro,74425,30653,24
11980,Athens TX,Micro,74246,29504,11
12180,Auburn NY,Micro,73949,30436,20
39020,Portsmouth OH,Micro,73887,29473,14
45620,Thomasville GA,Micro,73825,29378,13
28180,Kapaa HI,Micro,73177,24687,17
35940,Norwalk OH,Micro,73114,29307,12
23700,Gallup NM,Micro,72468,22748,22
34780,Muskogee OK,Micro,71906,27549,15
35340,New Iberia LA,Micro,70737,27407,7
22060,Faribault-Northfield MN,Micro,70451,24666,9
37260,Palatka FL,Micro,70328,28292,18
24640,Greenfield MA,Micro,70126,30980,30
37020,Owosso MI,Micro,70032,28430,12
18060,Columbus MS,Micro,70016,28134,14
22100,Farmington MO,Micro,69877,25867,10
40260,Roanoke Rapids NC,Micro,69487,30136,22
29380,Lake City FL,Micro,69121,26185,6
37060,Oxford MS,Micro,68734,27941,11
29060,Laconia NH,Micro,68593,28939,19
22300,Findlay OH,Micro,68477,28403,13
32300,Martinsville VA,Micro,68374,29871,11
17340,Clearlake CA,Micro,68041,27563,15
24620,Greeneville TN,Micro,67974,27837,8
11900,Athens OH,Micro,67967,25949,19
44620,Stevens Point-Plover WI,Micro,67891,28118,12
14100,Bloomsburg-Berwick PA,Micro,67825,27622,11
17580,Clovis NM,Micro,67772,25773,18
28900,Klamath Falls OR,Micro,67750,27899,18
11940,Athens TN,Micro,67697,27102,10
22840,Fort Payne AL,Micro,67495,25837,14
31940,Marinette WI-MI,Micro,67308,30398,26
39980,Richmond IN,Micro,67117,27620,14
43700,Somerset KY,Micro,66472,27088,11
39940,Rexburg ID,Micro,66117,17309,12
24180,Granbury TX,Micro,66073,26342,6
31980,Marion IN,Micro,66039,26217,11
32100,Marquette MI,Micro,66033,27663,13
32020,Marion OH,Micro,65965,25115,10
40100,Rio Grande City-Roma TX,Micro,65932,19873,9
34860,Nacogdoches TX,Micro,65659,25152,13
40740,Roswell NM,Micro,65278,23531,6
18300,Coos Bay-North Bend OR,Micro,64989,27681,9
10620,Albemarle NC,Micro,64457,25732,10
46100,Tullahoma-Manchester TN,Micro,64387,25454,8
43220,Shelton WA,Micro,64057,24835,9
12660,Baraboo WI,Micro,63733,26262,15
34540,Mount Vernon OH,Micro,63643,23790,10
32060,Marion-Herrin IL,Micro,63105,26481,11
44260,Starkville MS,Micro,62922,25561,10
30300,Lewiston ID-WA,Metro,62875,25923,7
47460,Walla Walla WA,Metro,62753,23136,8
21420,Enid OK,Metro,62708,24124,17
35900,North Wilkesboro NC,Micro,62503,26127,14
48200,Waynesville NC,Micro,62184,27228,7
14940,Brigham City UT-ID,Micro,62097,20322,20
16100,Carlsbad-Artesia NM,Micro,62047,22699,10
40860,Rutland VT,Micro,61799,27199,30
25770,Hemlock Farms PA,Micro,61555,24948,14
12740,Barre VT,Micro,61522,26478,31
37580,Paris TX,Micro,61444,25149,20
44780,Sturgis MI,Micro,61430,23835,10
34380,Mount Pleasant MI,Micro,61320,24022,8
22580,Forest City NC,Micro,61204,25427,12
26740,Hutchinson KS,Micro,61170,24927,15
28820,Kinston NC,Micro,61169,25174,7
31930,Marietta OH,Micro,61140,25817,20
45660,Tiffin OH,Micro,61093,24688,14
33980,Morehead City NC,Micro,61062,27347,17
21900,Fairmont WV,Micro,60396,24926,18
16180,Carson City NV,Metro,60361,24076,9
37300,Palestine TX,Micro,59669,18139,13
41460,Salina KS,Micro,59626,24417,11
42380,Sayre PA,Micro,59513,24628,25
15660,Calhoun GA,Micro,59458,21957,8
12860,Batavia NY,Micro,59058,24463,16
26460,Hudson NY,Micro,58998,25514,32
11220,Amsterdam NY,Micro,58842,23697,15
48180,Waycross GA,Micro,58828,22307,11
25775,Henderson KY,Micro,58100,23525,15
20580,Eagle Pass TX,Metro,57885,18032,4
38100,Picayune MS,Micro,57742,22216,5
36580,Oneonta NY,Micro,57654,23120,31
20140,Dublin GA,Micro,57492,22198,11
22780,Fort Leonard Wood MO,Micro,57484,18236,8
28260,Kearney NE,Micro,57432,22543,17
19220,Danville KY,Micro,57352,22468,12
16260,Cedar City UT,Micro,57184,18689,10
44580,Sterling IL,Micro,57046,24013,12
14700,Branson MO,Micro,56738,22932,18
18900,Crossville TN,Micro,56664,25028,7
34420,Mount Pleasant TX,Micro,56521,20951,11
39780,Red Bluff CA,Micro,56512,21417,13
10460,Alamogordo NM,Micro,56478,23143,16
42460,Scottsboro AL,Micro,56386,23321,19
20420,Durango CO,Micro,56234,23722,7
38420,Platteville WI,Micro,56234,21561,23
22260,Fergus Falls MN,Micro,56071,23604,20
16060,Carbondale IL,Micro,55839,24467,15
35020,Natchez MS-LA,Micro,55789,22450,14
36620,Ontario OR-ID,Micro,55596,19252,16
21220,Elko NV,Micro,55485,20490,17
36180,Ocean Pines MD,Micro,55268,24029,12
37740,Payson AZ,Micro,55123,22906,14
43460,Sikeston MO,Micro,54767,21731,17
28680,Kingsland GA,Micro,54487,20263,6
34680,Murrells Inlet SC,Micro,54417,22866,4
43760,Sonora CA,Micro,54357,22170,15
21460,Enterprise AL,Micro,54122,21475,6
32620,McComb MS,Micro,53567,21780,8
20780,Edwards CO,Micro,53373,20186,13
23980,Glasgow KY,Micro,53146,21235,14
45700,Tifton GA,Micro,53015,20524,9
20060,Douglas GA,Micro,52559,18794,10
12780,Bartlesville OK,Micro,52361,21117,9
47660,Warrensburg MO,Micro,52046,19605,8
28500,Kerrville TX,Micro,51686,21758,6
23380,Fremont OH,Micro,51531,21467,8
18620,Corsicana TX,Micro,51399,18188,13
37220,Pahrump NV,Micro,51375,21679,11
11740,Ashland OH,Micro,50803,20083,10
43180,Shelbyville TN,Micro,50725,18590,7
23500,Gaffney SC,Micro,50458,20033,4
32380,Mason City IA,Micro,50131,22216,18
40300,Rochelle IL,Micro,50108,20144,16
23660,Galesburg IL,Micro,50067,20906,17
35440,Newport OR,Micro,50038,22536,16
14380,Boone NC,Micro,49807,19435,8
34020,Morgan City LA,Micro,49797,19414,10
35220,New Castle IN,Micro,49772,19326,15
13340,Bellefontaine OH,Micro,49613,20364,14
40820,Ruston LA,Micro,49565,18535,7
17500,Clewiston FL,Micro,49537,15977,6
29980,Lawrenceburg TN,Micro,49496,19196,9
37120,Ozark AL,Micro,49424,20175,9
15620,Cadillac MI,Micro,49121,19656,10
23820,Gardnerville Ranchos NV-CA,Micro,49024,21135,10
16340,Cedartown GA,Micro,48962,18203,4
39860,Red Wing MN,Micro,48940,19937,10
15860,Canon City CO,Micro,48811,17835,11
35740,Norfolk NE,Micro,48765,19204,14
36340,Oil City PA,Micro,48560,20702,14
49100,Winona MN,Micro,48512,19659,8
24100,Gloversville NY,Micro,48465,20578,7
11620,Ardmore OK,Micro,48395,19179,14
42980,Seymour IN,Micro,48316,18557,9
39420,Pullman WA,Micro,48262,18758,22
35700,Nogales AZ,Micro,47945,16715,8
24820,Greenville OH,Micro,47830,19381,15
18460,Cornelia GA,Micro,47658,17057,6
48940,Wilmington OH,Micro,47594,18466,10
34460,Mount Sterling KY,Micro,47555,18686,11
19620,Del Rio TX,Micro,47555,15780,7
10860,Alice TX,Micro,47245,16937,8
13420,Bemidji MN,Micro,46983,17915,14
18660,Cortland NY,Micro,46963,18366,12
23940,Gillette WY,Micro,46937,17789,7
16660,Charleston-Mattoon IL,Micro,46864,19901,7
29470,Lake of the Woods VA,Micro,46654,18263,9
13940,Blackfoot ID,Micro,46592,15427,10
25460,Harrison AR,Micro,46526,19379,19
13260,Bedford IN,Micro,46507,19153,9
14220,Bogalusa LA,Micro,46465,18277,6
20820,Effingham IL,Micro,46424,18947,14
20460,Durant OK,Micro,46417,18121,14
38620,Ponca City OK,Micro,46417,18684,9
43890,Sparta WI,Micro,46321,18171,10
15420,Burley ID,Micro,46288,15886,10
39960,Rice Lake WI,Micro,46287,19504,13
28340,Kendallville IN,Micro,46245,17440,10
47820,Washington NC,Micro,46109,20024,9
40620,Rolla MO,Micro,46106,18433,9
17540,Clinton IA,Micro,46049,19317,18
38500,Plymouth IN,Micro,45968,17508,9
18100,Columbus NE,Micro,45930,17383,13
31580,Madisonville KY,Micro,45913,18800,10
23300,Freeport IL,Micro,45798,19725,14
43380,Sidney OH,Micro,45735,17836,12
25780,Henderson NC,Micro,45644,18326,6
21580,Espanola NM,Micro,45566,18227,28
14710,Brattleboro VT,Micro,45349,20131,30
47540,Wapakoneta OH,Micro,45348,18045,10
24740,Greenville MS,Micro,45186,18073,14
17740,Coldwater MI,Micro,45093,16915,6
34220,Moultrie GA,Micro,44958,16962,9
37500,Paragould AR,Micro,44818,17323,7
32000,Marion NC,Micro,44804,18148,5
32860,Menomonie WI,Micro,44724,17104,12
46980,Vicksburg MS,Micro,44722,18480,5
24330,Grand Rapids MN,Micro,44450,18675,26
21260,Ellensburg WA,Micro,44396,18706,10
27540,Jasper IN,Micro,44386,17757,12
15460,Burlington IA-IL,Micro,44361,19202,15
34700,Muscatine IA,Micro,44350,17331,10
41760,Sandpoint ID,Micro,44304,18542,16
10940,Alma MI,Micro,44268,15781,15
15340,Bucyrus OH,Micro,43874,18792,9
32660,McMinnville TN,Micro,43767,17410,7
26500,Huntingdon PA,Micro,43720,16689,27
16460,Centralia IL,Micro,43601,17641,11
20340,Duncan OK,Micro,43519,17519,9
48820,Willmar MN,Micro,43288,16894,11
40460,Rockingham NC,Micro,43256,17569,8
45140,Tahlequah OK,Micro,43251,16666,8
36380,Okeechobee FL,Micro,43213,15961,3
30380,Lewistown PA,Micro,42704,17464,11
33940,Montrose CO,Micro,42674,17570,10
10100,Aberdeen SD,Micro,42574,17689,19
16380,Celina OH,Micro,42566,16311,10
33300,Milledgeville GA,Micro,42494,15980,4
25880,Hillsdale MI,Micro,42486,16738,16
42740,Sedalia MO,Micro,42429,16376,8
40540,Rock Springs WY,Micro,42216,16606,12
27380,Jacksonville TX,Micro,42074,14867,9
20900,El Campo TX,Micro,41874,15551,12
12140,Auburn IN,Micro,41810,16260,7
44500,Stephenville TX,Micro,41656,15518,6
48460,West Plains MO,Micro,41622,16838,9
48780,Williston ND,Micro,41396,16278,12
32540,McAlester OK,Micro,41297,16177,16
43020,Shawano WI,Micro,40943,16861,16
25580,Hastings NE,Micro,40900,16752,23
34260,Mountain Home AR,Micro,40706,18583,12
21020,Elizabeth City NC,Micro,40606,15641,3
38740,Poplar Bluff MO,Micro,40516,16431,8
14180,Blytheville AR,Micro,40455,15940,19
34140,Moscow ID,Micro,40422,16455,12
10820,Alexandria MN,Micro,40400,17199,11
14620,Bradford PA,Micro,40207,16389,19
12380,Austin MN,Micro,40201,15790,14
35140,Newberry SC,Micro,40145,16038,9
32260,Marshalltown IA,Micro,40093,15338,13
11820,Astoria OR,Micro,40082,17114,7
42780,Selinsgrove PA,Micro,40051,14961,15
30260,Lewisburg PA,Micro,39949,14636,12
26540,Huntington IN,Micro,39946,15871,5
42820,Selma AL,Micro,39781,16670,9
38260,Pittsburg KS,Micro,39777,15988,13
26340,Houghton MI,Micro,39710,15463,21
24600,Greencastle IN,Micro,39475,14436,9
20980,El Dorado AR,Micro,39323,16290,10
40180,Riverton WY,Micro,39234,15150,13
23340,Fremont NE,Micro,39127,15590,11
49010,Winchester TN,Micro,39117,15468,9
15740,Cambridge OH,Micro,39085,16330,14
14720,Breckenridge CO,Micro,38829,16138,8
19760,DeRidder LA,Micro,38821,14979,7
38380,Plainview TX,Micro,38809,13859,12
32460,Mayfield KY,Micro,38692,15644,12
13660,Big Rapids MI,Micro,38650,15501,9
18820,Crawfordsville IN,Micro,38521,15393,11
10220,Ada OK,Micro,38448,15296,8
48220,Weatherford OK,Micro,38426,14723,16
23620,Gainesville TX,Micro,38330,14446,8
19860,Dickinson ND,Micro,38318,15409,16
33380,Minden LA,Micro,38301,16272,11
23780,Garden City KS,Micro,38214,12991,3
15220,Brownwood TX,Micro,38046,15062,9
44460,Steamboat Springs CO,Micro,38039,15696,16
26780,Hutchinson MN,Micro,38009,15492,8
19580,Defiance OH,Micro,37942,15359,8
36940,Owatonna MN,Micro,37912,15004,5
30060,Lebanon MO,Micro,37876,15038,7
30900,Logansport IN,Micro,37828,14877,10
21540,Escanaba MI,Micro,37637,16542,10
15820,Campbellsville KY,Micro,37479,14897,6
27300,Jacksonville IL,Micro,37391,15405,15
35060,Natchitoches LA,Micro,37334,15120,16
20660,Easton MD,Micro,37309,16215,15
47620,Warren PA,Micro,37249,16063,20
35460,Newport TN,Micro,37241,15816,7
24900,Greenwood MS,Micro,37241,14673,13
42300,Sault Ste. Marie MI,Micro,37230,14005,18
46500,Urbana OH,Micro,37209,15052,10
29660,Laramie WY,Micro,37050,15950,11
47080,Vidalia GA,Micro,36924,14134,8
28620,Kill Devil Hills NC,Micro,36915,15966,14
25300,Hannibal MO,Micro,36870,14803,9
13540,Bennington VT,Micro,36855,15505,17
34660,Murray KY,Micro,36834,14984,6
42420,Scottsbluff NE,Micro,36825,14993,10
22700,Fort Dodge IA,Micro,36818,14940,14
34500,Mount Vernon IL,Micro,36657,14730,12
12900,Batesville AR,Micro,36615,14388,16
13060,Bay City TX,Micro,36612,13933,13
10760,Alexander City AL,Micro,36604,15480,6
47180,Vincennes IN,Micro,36502,14866,12
45380,Taylorville IL,Micro,36463,14792,14
22190,Fayetteville TN,Micro,36257,14767,9
37940,Peru IN,Micro,36147,13514,10
14780,Brenham TX,Micro,35869,13914,5
45340,Taos NM,Micro,35789,16275,21
33060,Miami OK,Micro,35759,14446,10
44860,Sulphur Springs TX,Micro,35702,13579,9
20540,Dyersburg TN,Micro,35662,14381,8
19810,Detroit Lakes MN,Micro,35495,14666,14
36900,Ottumwa IA,Micro,35432,14165,7
37950,Petoskey MI,Micro,35336,15344,11
11420,Angola IN,Micro,35271,14170,6
35820,North Platte NE,Micro,35256,14939,10
19540,Decatur IN,Micro,35228,12239,7
30820,Lock Haven PA,Micro,35201,14281,13
13700,Big Spring TX,Micro,35118,11782,5
15580,Butte-Silver Bow MT,Micro,35047,15448,8
14300,Bonham TX,Micro,35014,12584,15
40940,Safford AZ,Micro,34928,11415,9
19940,Dixon IL,Micro,34825,13945,14
27220,Jackson WY-ID,Micro,34821,13924,12
21380,Emporia KS,Micro,34626,14162,13
18420,Corinth MS,Micro,34581,14289,4
40770,Russellville AL,Micro,34554,13129,7
11680,Arkansas City-Winfield KS,Micro,34467,13302,9
45980,Troy AL,Micro,34370,14472,6
30280,Lewisburg TN,Micro,34351,13287,4
23140,Frankfort IN,Micro,34325,12841,8
15900,Canton IL,Micro,34323,14303,20
11140,Americus GA,Micro,34140,13374,8
15100,Brookings SD,Micro,34093,13001,8
19980,Dodge City KS,Micro,34070,11290,6
11580,Arcadia FL,Micro,34011,11963,5
37800,Pella IA,Micro,34002,13307,12
18740,Coshocton OH,Micro,33626,13524,10
14820,Brevard NC,Micro,33497,14730,8
45000,Susanville CA,Micro,33496,10310,15
46860,Vernal UT,Micro,33148,11192,9
38700,Pontiac IL,Micro,33144,13245,17
22800,Fort Madison IA,Micro,33100,13847,11
29900,Laurinburg NC,Micro,32870,12381,5
24980,Grenada MS,Micro,32617,13783,9
31500,Madison IN,Micro,32387,12681,5
27940,Juneau AK,Micro,32201,12936,8
17380,Cleveland MS,Micro,32158,12497,16
37540,Paris TN,Micro,31857,13597,8
39040,Port Townsend WA,Micro,31733,15320,7
31680,Malvern AR,Micro,31650,11871,5
15700,Cambridge MD,Micro,31372,13226,16
47340,Wabash IN,Micro,31357,12900,10
43260,Sheridan WY,Micro,31187,13447,12
32280,Martin TN,Micro,31185,12668,8
42900,Seneca Falls NY,Micro,31181,12331,8
32700,McPherson KS,Micro,31121,12300,9
15020,Brookhaven MS,Micro,31050,12403,5
28780,Kingsville TX,Micro,31015,11527,3
45740,Toccoa GA,Micro,30884,12173,4
41260,St. Marys PA,Micro,30880,13463,14
29780,Las Vegas NM,Micro,30763,13013,27
23680,Gallipolis OH,Micro,30753,12330,9
47780,Washington IN,Micro,30426,10882,6
25200,Hailey ID,Micro,30323,12460,13
13300,Beeville TX,Micro,30316,8609,9
27020,Iron Mountain MI-WI,Micro,30132,13553,14
17650,Cody WY,Micro,29826,12756,7
27700,Jesup GA,Micro,29680,10964,6
46460,Union City TN,Micro,29521,12386,9
22820,Fort Morgan CO,Micro,29517,10645,8
10660,Albert Lea MN,Micro,29495,12518,12
10980,Alpena MI,Micro,29232,13142,5
25700,Hays KS,Micro,28942,11855,7
12460,Bainbridge GA,Micro,28901,11310,7
28860,Kirksville MO,Micro,28835,11297,10
21180,Elkins WV,Micro,28402,11361,21
31220,Ludington MI,Micro,28401,12069,7
28380,Kennett MO,Micro,28328,11573,12
34300,Mountain Home ID,Micro,28328,10521,5
47980,Watertown SD,Micro,28283,12013,6
43500,Silver City NM,Micro,28180,12281,18
33420,Mineral Wells TX,Micro,28020,11018,8
18860,Crescent City CA,Micro,27732,9804,6
30660,Lincoln IL,Micro,27686,10636,14
24700,Greensburg IN,Micro,27557,10895,5
15780,Camden AR,Micro,27426,11994,9
35580,New Ulm MN,Micro,27361,11571,7
10480,Alamosa CO,Micro,27249,10844,16
33900,Monticello IN,Micro,27132,11046,9
31380,Macomb IL,Micro,26850,11350,11
23240,Fredericksburg TX,Micro,26836,11570,5
36840,Ottawa KS,Micro,26822,10539,8
33620,Moberly MO,Micro,26765,10024,8
44900,Summerville GA,Micro,26747,10256,4
21640,Eufaula AL-GA,Micro,26686,10336,7
32140,Marshall MN,Micro,26465,10689,10
29260,La Grande OR,Micro,26215,10776,7
45580,Thomaston GA,Micro,26132,10522,3
47920,Washington Court House OH,Micro,26068,10677,4
30420,Lexington NE,Micro,25994,9672,10
33580,Mitchell SD,Micro,25992,10739,9
45520,The Dalles OR,Micro,25901,10298,7
24460,Great Bend KS,Micro,25728,10750,7
19700,Deming NM,Micro,25422,9821,3
21980,Fallon NV,Micro,25361,9975,3
43940,Spearfish SD,Micro,25166,11136,7
46620,Uvalde TX,Micro,24985,8830,6
11060,Altus OK,Micro,24851,9824,10
33180,Middlesborough KY,Micro,24680,10123,12
30180,Le Mars IA,Micro,24478,9743,9
22620,Forrest City AR,Micro,24278,9030,11
46780,Van Wert OH,Micro,24264,9733,9
26220,Hood River OR,Micro,24108,9016,4
31620,Magnolia AR,Micro,23763,9595,6
18220,Connersville IN,Micro,23576,9779,3
32180,Marshall MO,Micro,23497,8531,9
15060,Brookings OR,Micro,23442,10959,8
11660,Arkadelphia AR,Micro,23425,8929,10
33020,Mexico MO,Micro,23080,8960,8
47420,Wahpeton ND-MN,Micro,23029,9453,22
21740,Evanston WY-UT,Micro,22940,8599,11
49460,Yankton SD,Micro,22847,9229,6
36830,Othello WA,Micro,22631,6877,5
21120,Elk City OK,Micro,22552,8072,6
49380,Worthington MN,Micro,22253,7846,12
37420,Pampa TX,Micro,22016,8277,6
30580,Liberal KS,Micro,21789,7303,3
27420,Jamestown ND,Micro,21624,9084,13
44540,Sterling CO,Micro,21497,7906,8
20300,Dumas TX,Micro,21398,7302,4
25100,Guymon OK,Micro,21346,7366,7
16140,Carroll IA,Micro,21307,8984,12
13100,Beatrice NE,Micro,21301,9137,12
32340,Maryville MO,Micro,21166,8374,15
14420,Borger TX,Micro,21116,8368,5
44740,Storm Lake IA,Micro,21067,7547,9
38180,Pierre SD,Micro,21036,8637,5
36820,Oskaloosa IA,Micro,20781,8281,9
17260,Clarksdale MS,Micro,20756,8154,8
47240,Vineyard Haven MA,Micro,20569,8918,7
39220,Price UT,Micro,20393,7944,6
39700,Raymondville TX,Micro,20380,5775,6
40760,Ruidoso NM,Micro,20327,9186,15
21860,Fairmont MN,Micro,20196,8816,10
49260,Woodward OK,Micro,20130,7594,6
38920,Port Lavaca TX,Micro,20103,7563,4
13860,Bishop CA,Micro,20061,8509,12
18380,Cordele GA,Micro,20055,8301,3
31060,Los Alamos NM,Micro,19421,8153,3
23190,Franklin KY,Micro,18881,7366,2
26700,Huron SD,Micro,18810,7311,8
25820,Hereford TX,Micro,18694,6290,2
11380,Andrews TX,Micro,18588,6259,1
49080,Winnemucca NV,Micro,18380,7015,8
22340,Fitzgerald GA,Micro,18283,7498,1
44020,Spirit Lake IA,Micro,17583,7941,7
43660,Snyder TX,Micro,17099,5989,6
12520,Baker City OR,Micro,16737,7244,11
11860,Atchison KS,Micro,15975,5966,5
43980,Spencer IA,Micro,15959,7030,9
45020,Sweetwater TX,Micro,15303,6138,5
46820,Vermillion SD,Micro,15099,5640,4
45880,Town of Pecos TX,Micro,14742,4178,6
34880,Nantucket MA,Micro,14255,5478,3
28540,Ketchikan AK,Micro,13942,5476,3
49820,Zapata TX,Micro,13749,4497,3
46900,Vernon TX,Micro,12770,4899,5
