zip,dma_code,dma_name,note
92282,804,PALM SPRINGS,Provisional: Coachella Valley ZIPs missing from the public list; verify against Nielsen
92262,804,PALM SPRINGS,Provisional
92258,804,PALM SPRINGS,Provisional
92263,804,PALM SPRINGS,Provisional
92240,804,PALM SPRINGS,Provisional
92264,804,PALM SPRINGS,Provisional
92235,804,PALM SPRINGS,Provisional
92234,804,PALM SPRINGS,Provisional
92270,804,PALM SPRINGS,Provisional
92260,804,PALM SPRINGS,Provisional
92255,804,PALM SPRINGS,Provisional
92261,804,PALM SPRINGS,Provisional
92276,804,PALM SPRINGS,Provisional
92210,804,PALM SPRINGS,Provisional
92241,804,PALM SPRINGS,Provisional
92211,804,PALM SPRINGS,Provisional
92248,804,PALM SPRINGS,Provisional
92247,804,PALM SPRINGS,Provisional
92253,804,PALM SPRINGS,Provisional
92203,804,PALM SPRINGS,Provisional
92201,804,PALM SPRINGS,Provisional
92202,804,PALM SPRINGS,Provisional
92236,804,PALM SPRINGS,Provisional
92274,804,PALM SPRINGS,Provisional
92254,804,PALM SPRINGS,Provisional
92239,804,PALM SPRINGS,Provisional
92225,804,PALM SPRINGS,Provisional
92226,804,PALM SPRINGS,Provisional
