geo_level,rank,market,education_total,education_per_hh,college_tuition_total,college_tuition_per_hh,edu_books_supplies_total,edu_books_supplies_per_hh,school_supplies_total,school_supplies_per_hh,households
metro,1,"New York-Newark-Jersey City, NY-NJ",15884921500,2152.7,7330210500,993.38,223017100,30.22,427204500,57.89,7379069
metro,2,"Los Angeles-Long Beach-Anaheim, CA",9136284300,2155.74,4229612900,997.99,135880800,32.06,243399100,57.43,4238120
metro,3,"Chicago-Naperville-Elgin, IL-IN",6414094300,1850.02,2891299800,833.94,95178700,27.45,202517000,58.41,3467041
metro,4,"Dallas-Fort Worth-Arlington, TX",5644920400,1847.16,2565488700,839.49,85230200,27.89,174609800,57.14,3056000
metro,5,"Washington-Arlington-Alexandria, DC-VA-MD-WV",5635316100,2304.01,2640704600,1079.66,71282800,29.14,131489900,53.76,2445873
metro,6,"San Francisco-Oakland-Fremont, CA",5446961600,3051.14,2620685300,1467.99,68370200,38.3,97217400,54.46,1785222
metro,7,"Houston-Pasadena-The Woodlands, TX",4922182600,1791.7,2223497500,809.37,74995300,27.3,151361000,55.1,2747214
metro,8,"Boston-Cambridge-Newton, MA-NH",4554336100,2303.75,2077565600,1050.91,65337600,33.05,134433100,68.0,1976923
metro,9,"Philadelphia-Camden-Wilmington, PA-NJ-DE-MD",4516260600,1855.77,2039682100,838.12,65089900,26.75,140498500,57.73,2433632
metro,10,"Seattle-Tacoma-Bellevue, WA",4140942100,2444.38,1925017600,1136.33,58072100,34.28,103493900,61.09,1694066
metro,11,"Atlanta-Sandy Springs-Roswell, GA",3967565000,1650.76,1810780200,753.4,54262700,22.58,113064400,47.04,2403478
metro,12,"Miami-Fort Lauderdale-West Palm Beach, FL",3744804800,1531.68,1631610200,667.35,60136200,24.6,143537000,58.71,2444900
metro,13,"Phoenix-Mesa-Chandler, AZ",3275451500,1720.43,1433387500,752.89,53349900,28.02,124193300,65.23,1903856
metro,14,"Minneapolis-St. Paul-Bloomington, MN-WI",2904334000,1947.25,1298504400,870.6,44757300,30.01,100523900,67.4,1491505
metro,15,"Detroit-Warren-Dearborn, MI",2780879800,1583.16,1238337800,704.99,42138500,23.99,96413700,54.89,1756537
metro,16,"Riverside-San Bernardino-Ontario, CA",2618991100,1787.97,1181663300,806.71,43804800,29.91,93859300,64.08,1464785
metro,17,"San Diego-Chula Vista-Carlsbad, CA",2558889900,2188.41,1172657700,1002.88,38729700,33.12,75974400,64.97,1169292
metro,18,"San Jose-Sunnyvale-Santa Clara, CA",2552487700,3743.58,1269226000,1861.5,30705100,45.03,34456900,50.54,681831
metro,19,"Denver-Aurora-Centennial, CO",2479836700,1993.67,1102264100,886.17,38565400,31.0,85553400,68.78,1243855
metro,20,"Tampa-St. Petersburg-Clearwater, FL",2205385800,1536.61,955309200,665.61,35907100,25.02,85662600,59.69,1435228
metro,21,"Baltimore-Columbia-Towson, MD",2059723600,1856.3,942986100,849.85,27621100,24.89,58626400,52.84,1109586
metro,22,"Portland-Vancouver-Hillsboro, OR-WA",1994705500,1967.33,886042500,873.88,31552900,31.12,69113900,68.17,1013915
metro,23,"Austin-Round Rock-San Marcos, TX",1958575200,1980.88,877629600,887.62,30398900,30.75,63034800,63.75,988740
metro,24,"Sacramento-Roseville-Folsom, CA",1899872500,2073.59,868017400,947.38,28666700,31.29,55202900,60.25,916224
metro,25,"Charlotte-Concord-Gastonia, NC-SC",1836054400,1631.58,816903100,725.93,27820700,24.72,62702600,55.72,1125323
metro,26,"St. Louis, MO-IL",1833302500,1614.02,804796000,708.53,28544900,25.13,68180600,60.03,1135861
metro,27,"Orlando-Kissimmee-Sanford, FL",1765655800,1560.32,773943300,683.94,29179600,25.79,66739500,58.98,1131599
metro,28,"Pittsburgh, PA",1689390500,1599.42,731551500,692.59,27458800,26.0,66962100,63.4,1056252
metro,29,"San Antonio-New Braunfels, TX",1598877800,1562.28,688697400,672.93,27619900,26.99,64814100,63.33,1023426
metro,30,"Columbus, OH",1492580600,1667.79,656703400,733.79,23254900,25.98,52373800,58.52,894945
metro,31,"Kansas City, MO-KS",1492576800,1655.27,653706100,724.96,24004800,26.62,56860300,63.06,901712
metro,32,"Cincinnati, OH-KY-IN",1483264600,1644.62,652328600,723.29,23759700,26.34,56067400,62.17,901889
metro,33,"Las Vegas-Henderson-North Las Vegas, NV",1449609600,1634.76,638743900,720.33,22725200,25.63,45823900,51.68,886742
metro,34,"Nashville-Davidson--Murfreesboro--Franklin, TN",1407431400,1656.76,619190800,728.88,22489400,26.47,52710900,62.05,849508
metro,35,"Indianapolis-Carmel-Greenwood, IN",1380296600,1626.63,608903700,717.57,22015100,25.94,50609200,59.64,848562
metro,36,"Cleveland, OH",1321477200,1460.65,569445500,629.42,20670900,22.85,50395200,55.7,904719
metro,37,"Providence-Warwick, RI-MA",1183325000,1738.05,519997100,763.76,19379800,28.46,45971600,67.52,680835
metro,38,"Raleigh-Cary, NC",1156975600,1895.92,527472400,864.36,17094300,28.01,35483800,58.15,610245
metro,39,"Jacksonville, FL",1132360100,1595.66,502959300,708.74,17545400,24.72,40782500,57.47,709650
metro,40,"Milwaukee-Waukesha, WI",1034887900,1603.82,449920600,697.27,16203700,25.11,38260400,59.29,645264
metro,41,"Virginia Beach-Chesapeake-Norfolk, VA-NC",1027072900,1504.28,456818200,669.07,14799700,21.68,34065700,49.89,682767
metro,42,"Urban Honolulu, HI",958203900,2903.89,469725000,1423.53,12324700,37.35,11480400,34.79,329973
metro,43,"Oklahoma City, OK",914155500,1517.1,392271900,651.0,15544200,25.8,36685700,60.88,602568
metro,44,"Hartford-West Hartford-East Hartford, CT",912357100,1919.66,409709700,862.05,13950500,29.35,31282200,65.82,475270
metro,45,"Richmond, VA",884198900,1629.03,395064100,727.86,12637800,23.28,28559300,52.62,542776
metro,46,"Louisville/Jefferson County, KY-IN",843527200,1498.67,364208200,647.08,13820400,24.55,33884900,60.2,562851
metro,47,"Salt Lake City-Murray, UT",785033900,1892.67,344758000,831.19,13195300,31.81,29753000,71.73,414776
metro,48,"Bridgeport-Stamford-Danbury, CT",764081100,2309.34,349799700,1057.22,10795000,32.63,23312900,70.46,330866
metro,49,"Buffalo-Cheektowaga, NY",749545200,1509.18,322610900,649.56,12155300,24.47,29188100,58.77,496657
metro,50,"Grand Rapids-Wyoming-Kentwood, MI",713052900,1606.49,309932800,698.27,12230700,27.56,30018600,67.63,443858
metro,51,"North Port-Bradenton-Sarasota, FL",699504400,1645.85,302028100,710.64,11178600,26.3,29661600,69.79,425011
metro,52,"Omaha, NE-IA",669678100,1695.22,291677600,738.35,11087600,28.07,26125600,66.13,395039
metro,53,"Birmingham, AL",669617400,1422.29,293498700,623.4,10384900,22.06,25010300,53.12,470802
metro,54,"Rochester, NY",658018100,1532.01,282567100,657.88,10663800,24.83,26118000,60.81,429513
metro,55,"Worcester, MA",657338300,1945.86,295427900,874.53,10464300,30.98,23489400,69.53,337814
metro,56,"Albany-Schenectady-Troy, NY",656927100,1746.57,289283700,769.12,10291900,27.36,24092800,64.06,376124
metro,57,"Tucson, AZ",645478100,1485.26,270589600,622.63,10849100,24.96,26456600,60.88,434589
metro,58,"Tulsa, OK",631909200,1488.21,268886500,633.26,10963200,25.82,26379900,62.13,424610
metro,59,"Memphis, TN-MS-AR",628931300,1249.44,275634400,547.58,8457700,16.8,19606400,38.95,503371
metro,60,"Fresno, CA",604621600,1640.28,262833100,713.04,10567400,28.67,22269400,60.41,368609
metro,61,"Knoxville, TN",601575900,1507.82,258842500,648.78,10537300,26.41,26327200,65.99,398971
metro,62,"Oxnard-Thousand Oaks-Ventura, CA",585307100,2164.72,268695100,993.75,9142900,33.81,19971200,73.86,270385
metro,63,"Allentown-Bethlehem-Easton, PA-NJ",581343400,1702.45,255492200,748.2,9717100,28.46,23472900,68.74,341475
metro,64,"Cape Coral-Fort Myers, FL",576347900,1555.15,246789800,665.91,9489900,25.61,25018700,67.51,370606
metro,65,"Greenville-Anderson-Greer, SC",576282300,1439.99,249399500,623.19,9614200,24.02,23538500,58.82,400199
metro,66,"Charleston-North Charleston, SC",554402200,1561.24,243584700,685.95,8449300,23.79,20079400,56.55,355104
metro,67,"Colorado Springs, CO",540419100,1753.17,239100600,775.67,8988600,29.16,20998600,68.12,308253
metro,68,"Boise City, ID",539698100,1694.88,234258800,735.67,9481000,29.77,23280700,73.11,318429
metro,69,"Albuquerque, NM",533808200,1455.18,224198800,611.17,9435600,25.72,22883300,62.38,366833
metro,70,"Madison, WI",528560300,1768.4,229358900,767.37,8363700,27.98,19330800,64.68,298892
metro,71,"Des Moines-West Des Moines, IA",525091100,1731.4,228667300,753.99,8652700,28.53,20298400,66.93,303275
metro,72,"Stockton-Lodi, CA",508667000,1961.94,232683000,897.46,7998600,30.85,14482500,55.86,259267
metro,73,"New Orleans-Metairie, LA",495499600,1275.39,213393600,549.27,7052900,18.15,16339000,42.06,388508
metro,74,"Dayton-Kettering-Beavercreek, OH",494259200,1433.3,211719100,613.96,7899100,22.91,19453400,56.41,344840
metro,75,"Kiryas Joel-Poughkeepsie-Newburgh, NY",476472400,1877.23,214874400,846.57,7471800,29.44,17342600,68.33,253817
metro,76,"Baton Rouge, LA",456572900,1372.53,200238900,601.95,6714500,20.18,15861700,47.68,332651
metro,77,"Bakersfield-Delano, CA",454854200,1560.16,197286800,676.7,8249200,28.29,18168200,62.32,291543
metro,78,"Deltona-Daytona Beach-Ormond Beach, FL",447773600,1419.39,191107000,605.79,7546200,23.92,19821000,62.83,315469
metro,79,"Columbia, SC",447606500,1294.69,194009900,561.17,6684000,19.33,16013900,46.32,345725
metro,80,"Palm Bay-Melbourne-Titusville, FL",446330500,1544.67,196108900,678.7,7263300,25.14,18531200,64.13,288949
metro,81,"Akron, OH",442020900,1535.93,191825400,666.55,7162200,24.89,17193400,59.74,287787
metro,82,"Lakeland-Winter Haven, FL",437059700,1324.71,182951200,554.52,7506600,22.75,18939600,57.41,329929
metro,83,"Portland-South Portland, ME",427029500,1755.83,186594400,767.22,7083600,29.13,17742400,72.95,243207
metro,84,"Harrisburg-Carlisle, PA",425347100,1654.02,186235700,724.2,6831100,26.56,16148200,62.79,257160
metro,85,"Greensboro-High Point, NC",424365500,1317.2,183745500,570.33,6649900,20.64,15768000,48.94,322172
metro,86,"Little Rock-North Little Rock-Conway, AR",417455900,1348.8,179374800,579.56,6732300,21.75,16317400,52.72,309502
metro,87,"New Haven, CT",413189500,1794.9,184801800,802.78,6272800,27.25,14306500,62.15,230202
metro,88,"Durham-Chapel Hill, NC",410908100,1654.04,181998600,732.6,5859900,23.59,12840900,51.69,248427
metro,89,"Syracuse, NY",408251300,1541.16,175240500,661.54,6729100,25.4,16500800,62.29,264899
metro,90,"Fayetteville-Springdale-Rogers, AR",400292600,1725.32,173707700,748.7,6798100,29.3,15462200,66.64,232011
metro,91,"Spokane-Spokane Valley, WA",397492000,1577.66,169609400,673.18,6875800,27.29,16854800,66.9,251950
metro,92,"Ogden, UT",393540600,1855.85,174342000,822.16,7032000,33.16,16825300,79.34,212054
metro,93,"Reno, NV",392746800,1740.24,170732900,756.51,6394700,28.33,14916100,66.09,225685
metro,94,"Santa Rosa-Petaluma, CA",392580000,2032.61,173617000,898.91,6012700,31.13,14126600,73.14,193141
metro,95,"Winston-Salem, NC",387182200,1355.37,166046000,581.26,6468500,22.64,16090900,56.33,285665
metro,96,"Wichita, KS",383273600,1487.41,163477100,634.42,6656700,25.83,16099000,62.48,257679
metro,97,"Provo-Orem-Lehi, UT",375997400,1864.64,166366600,825.04,6803500,33.74,15900400,78.85,201646
metro,98,"El Paso, TX",372395500,1303.96,154060600,539.45,7402000,25.92,17483600,61.22,285588
metro,99,"Lancaster, PA",361644100,1680.06,157913900,733.61,6148200,28.56,15546600,72.22,215257
metro,100,"Chattanooga, TN-GA",360279100,1473.3,154981000,633.77,6172500,25.24,15372800,62.86,244539
metro,101,"Huntsville, AL",359284100,1603.65,161113700,719.13,5470800,24.42,12893700,57.55,224041
metro,102,"Vallejo, CA",343091300,2088.54,160242400,975.46,4901800,29.84,9127100,55.56,164273
metro,103,"Scranton--Wilkes-Barre, PA",339837600,1431.2,142370300,599.58,6007000,25.3,15175300,63.91,237449
metro,104,"Lexington-Fayette, KY",337308200,1524.93,144532500,653.41,5494600,24.84,12980100,58.68,221196
metro,105,"Port St. Lucie, FL",337228800,1457.68,145327500,628.18,5461600,23.61,14485300,62.61,231346
metro,106,"Manchester-Nashua, NH",337078300,1993.68,152152900,899.92,5400100,31.94,12552900,74.25,169073
metro,107,"Toledo, OH",334007000,1377.85,141029500,581.78,5441400,22.45,13318100,54.94,242412
metro,108,"Naples-Marco Island, FL",332290700,1860.72,144968700,811.78,5060100,28.33,13179200,73.8,178582
metro,109,"Waterbury-Shelton, CT",327472200,1756.46,144984600,777.65,5297800,28.42,12486100,66.97,186439
metro,110,"Augusta-Richmond County, GA-SC",326109100,1318.45,142410900,575.77,4781900,19.33,11390400,46.05,247343
metro,111,"McAllen-Edinburg-Mission, TX",325004800,1279.31,133664800,526.14,7022300,27.64,16528500,65.06,254047
metro,112,"Wilmington, NC",323433400,1543.22,140333300,669.58,5373200,25.64,13863400,66.15,209583
metro,113,"Trenton-Princeton, NJ",319991800,2169.69,150464600,1020.22,4384200,29.73,8157600,55.31,147483
metro,114,"Pensacola-Ferry Pass-Brent, FL",308574900,1480.74,134514600,645.49,5134400,24.64,12658900,60.75,208392
metro,115,"Modesto, CA",305193500,1683.7,133815200,738.23,5324700,29.38,12002200,66.21,181264
metro,116,"York-Hanover, PA",301609500,1628.54,131921800,712.31,5162200,27.87,13110100,70.79,185202
metro,117,"Anchorage, AK",293973300,1954.88,131575500,874.96,4652300,30.94,10089400,67.09,150379
metro,118,"Santa Maria-Santa Barbara, CA",291895900,1963.42,128924000,867.2,4538500,30.53,10473400,70.45,148667
metro,119,"Springfield, MO",289529000,1396.4,120776200,582.51,5351600,25.81,13238700,63.85,207340
metro,120,"Lansing-East Lansing, MI",286280800,1482.16,121752900,630.35,4719200,24.43,11405000,59.05,193151
metro,121,"Fort Collins-Loveland, CO",284045000,1828.35,123926700,797.69,4662800,30.01,11124700,71.61,155356
metro,122,"Ann Arbor, MI",280386700,1896.12,124802000,843.98,4088000,27.65,8525600,57.65,147874
metro,123,"Boulder, CO",279349900,2127.2,122903700,935.89,4157400,31.66,9244700,70.4,131323
metro,124,"Asheville, NC",277989000,1524.17,117930600,646.6,4819100,26.42,12298400,67.43,182387
metro,125,"Springfield, MA",276249000,1519.37,118687900,652.78,4643500,25.54,11161500,61.39,181818
metro,126,"Jackson, MS",271147200,1203.58,118614900,526.51,3783000,16.79,9183700,40.76,225284
metro,127,"Salinas, CA",270061200,1976.41,119792700,876.69,4352400,31.85,9685700,70.88,136642
metro,128,"Fort Wayne, IN",267476500,1465.95,113557700,622.37,4546300,24.92,10989200,60.23,182459
metro,129,"Reading, PA",267233900,1598.83,115160000,688.99,4598700,27.51,11512400,68.88,167143
metro,130,"Salem, OR",260113900,1568.92,110420000,666.02,4615200,27.84,11419200,68.88,165792
metro,131,"Killeen-Temple, TX",248983400,1329.51,107076800,571.76,4122200,22.01,9418400,50.29,187275
metro,132,"Corpus Christi, TX",248495800,1462.29,105283700,619.55,4505000,26.51,10858900,63.9,169936
metro,133,"Greeley, CO",247712600,1774.08,108715500,778.6,4434900,31.76,10621100,76.07,139629
metro,134,"Eugene-Springfield, OR",240976100,1469.41,99635400,607.55,4149200,25.3,10490300,63.97,163995
metro,135,"Atlantic City-Hammonton, NJ",240564800,1681.99,107731700,753.24,3795300,26.54,8976900,62.76,143024
metro,136,"Savannah, GA",239703800,1429.65,105606500,629.86,3637500,21.69,8507400,50.74,167666
metro,137,"Myrtle Beach-Conway-North Myrtle Beach, SC",238676700,1367.78,102134000,585.3,4076100,23.36,10795800,61.87,174499
metro,138,"Davenport-Moline-Rock Island, IA-IL",238263500,1494.41,101512300,636.7,4052100,25.42,10103400,63.37,159437
metro,139,"Ocala, FL",237172600,1288.72,98785000,536.77,4078600,22.16,10967600,59.59,184037
metro,140,"Canton-Massillon, OH",231066700,1396.7,97630500,590.13,3999500,24.18,10370100,62.68,165438
metro,141,"Olympia-Lacey-Tumwater, WA",230128700,1803.63,101851000,798.26,3796600,29.76,8805000,69.01,127592
metro,142,"Lafayette, LA",229057500,1365.77,99559100,593.63,3805500,22.69,9037000,53.88,167713
metro,143,"Peoria, IL",227587900,1534.02,97496400,657.16,3764600,25.37,9235100,62.25,148360
metro,144,"Youngstown-Warren, OH",223620800,1257.36,92580500,520.56,3924800,22.07,10282300,57.81,177849
metro,145,"Lincoln, NE",222332400,1573.7,94170500,666.55,3782100,26.77,9138600,64.68,141280
metro,146,"Crestview-Fort Walton Beach-Destin, FL",221002500,1656.55,97599000,731.57,3728100,27.94,9054900,67.87,133411
metro,147,"Bremerton-Silverdale-Port Orchard, WA",219968300,1949.38,98028400,868.74,3522400,31.22,8288600,73.45,112840
metro,148,"Green Bay, WI",213845900,1555.94,92033900,669.64,3719300,27.06,9361400,68.11,137438
metro,149,"Visalia, CA",213779000,1490.99,90359500,630.21,4131800,28.82,9672900,67.46,143381
metro,150,"Gulfport-Biloxi, MS",212882700,1295.52,91419700,556.34,3583000,21.8,8894100,54.13,164322
metro,151,"Huntington-Ashland, WV-KY-OH",209774400,1377.73,87715400,576.09,3923100,25.77,9896000,64.99,152261
metro,152,"Flint, MI",209553500,1292.76,88862800,548.2,3457200,21.33,8813600,54.37,162098
metro,153,"Beaumont-Port Arthur, TX",208074200,1377.4,90792700,601.03,3428800,22.7,8138500,53.87,151063
metro,154,"Spartanburg, SC",207517400,1308.39,89160400,562.15,3480600,21.95,8498600,53.58,158605
metro,155,"Hickory-Lenoir-Morganton, NC",207076000,1363.88,87329500,575.18,3781900,24.91,9627100,63.41,151829
metro,156,"Norwich-New London-Willimantic, CT",206168800,1753.7,90410900,769.05,3263700,27.76,7905900,67.25,117562
metro,157,"San Luis Obispo-Paso Robles, CA",205442000,1861.04,89960500,814.93,3265400,29.58,7873000,71.32,110391
metro,158,"Gainesville, FL",202743700,1361.23,85862600,576.49,3269500,21.95,7349100,49.34,148942
metro,159,"Barnstable Town, MA",201559900,1904.46,89142200,842.27,3061500,28.93,7948800,75.1,105836
metro,160,"Sioux Falls, SD-MN",201219600,1611.64,86633600,693.88,3515400,28.16,8645900,69.25,124854
metro,161,"Santa Cruz-Watsonville, CA",199542900,2183.97,88270300,966.11,2975700,32.57,6839700,74.86,91367
metro,162,"Tallahassee, FL",199034600,1275.18,84414600,540.83,2902100,18.59,6891800,44.15,156084
metro,163,"Lubbock, TX",198905900,1416.88,83451500,594.46,3477900,24.77,8171900,58.21,140383
metro,164,"Kennewick-Richland, WA",198254300,1760.24,86609900,768.98,3389000,30.09,7972800,70.79,112629
metro,165,"Roanoke, VA",194878400,1459.1,83300100,623.69,3204800,24.0,8070000,60.42,133561
metro,166,"Bend, OR",194059700,1741.87,84281300,756.5,3249800,29.17,8207900,73.67,111409
metro,167,"Mobile, AL",185912000,1172.71,79977500,504.49,2829500,17.85,6865500,43.31,158532
metro,168,"Rockford, IL",185461500,1434.75,79298400,613.46,3152700,24.39,7859300,60.8,129264
metro,169,"Kingsport-Bristol, TN-VA",184644300,1357.17,76870000,565.01,3425800,25.18,8875000,65.23,136051
metro,170,"Cedar Rapids, IA",184185300,1584.4,79447700,683.43,3105500,26.71,7758400,66.74,116249
metro,171,"Fargo, ND-MN",183686000,1605.67,77928300,681.2,3050700,26.67,7198700,62.93,114398
metro,172,"Hagerstown-Martinsburg, MD-WV",181978400,1521.01,78559100,656.61,3125700,26.13,7837000,65.5,119643
metro,173,"Daphne-Fairhope-Foley, AL",179453700,1618.03,78695600,709.55,3125100,28.18,7934600,71.54,110909
metro,174,"Seaford, DE",178915600,1580.19,78059900,689.43,2840400,25.09,7593800,67.07,113224
metro,175,"Shreveport-Bossier City, LA",177930000,1159.58,75661700,493.09,2614400,17.04,6310700,41.13,153443
metro,176,"Duluth, MN-WI",176542100,1443.73,73985100,605.04,3115600,25.48,8085400,66.12,122282
metro,177,"Montgomery, AL",175949000,1166.79,76348200,506.29,2491300,16.52,5955600,39.49,150797
metro,178,"South Bend-Mishawaka, IN-MI",175253800,1374.59,73615000,577.4,2935400,23.02,7297100,57.23,127495
metro,179,"Rochester, MN",174785100,1852.5,77318100,819.47,2814400,29.83,6519100,69.09,94351
metro,180,"Utica-Rome, NY",174275900,1478.94,74127700,629.06,3004900,25.5,7571400,64.25,117838
metro,181,"Slidell-Mandeville-Covington, LA",172437900,1615.27,74866100,701.29,2809500,26.32,6925000,64.87,106755
metro,182,"Clarksville, TN-KY",171224800,1290.01,72878900,549.07,2915800,21.97,6965200,52.48,132731
metro,183,"Appleton, WI",168178400,1663.57,73583300,727.86,2943800,29.12,7393300,73.13,101095
metro,184,"Charlottesville, VA",167626900,1842.97,73910400,812.6,2539600,27.92,5839600,64.2,90955
metro,185,"Burlington-South Burlington, VT",166457800,1785.01,72706100,779.66,2722000,29.19,6505600,69.76,93253
metro,186,"Fayetteville, NC",165954600,1095.85,70714200,466.95,2440800,16.12,5579800,36.85,151439
metro,187,"Hilo-Kailua, HI",164915800,2086.41,75134400,950.55,2441800,30.89,3806800,48.16,79043
metro,188,"Evansville, IN",164420600,1467.19,70061800,625.19,2870500,25.61,7180700,64.08,112065
metro,189,"Lexington Park, MD",164027500,2125.15,75604100,979.53,2422300,31.38,5524200,71.57,77184
metro,190,"Bellingham, WA",163423600,1663.95,70238300,715.16,2746800,27.97,6549800,66.69,98214
metro,191,"Kalamazoo-Portage, MI",163385400,1490.99,69423300,633.53,2701500,24.65,6527000,59.56,109582
metro,192,"Lebanon-Claremont, NH-VT",162049000,1667.84,69923600,719.67,2700500,27.79,6955500,71.59,97161
metro,193,"Waco, TX",160668400,1363.75,68668000,582.85,2788000,23.66,6830400,57.98,117814
metro,194,"Hilton Head Island-Bluffton-Port Royal, SC",159584500,1640.87,70114800,720.93,2402800,24.71,6255600,64.32,97256
metro,195,"Brownsville-Harlingen, TX",158551700,1249.68,64101600,505.24,3338800,26.32,8087600,63.75,126874
metro,196,"Prescott Valley-Prescott, AZ",158520400,1432.05,66260100,598.58,2696600,24.36,7489700,67.66,110695
metro,197,"Amarillo, TX",153827400,1473.37,65074000,623.28,2751500,26.35,6636500,63.56,104405
metro,198,"College Station-Bryan, TX",150876100,1412.47,63473300,594.22,2495100,23.36,5410000,50.65,106817
metro,199,"Kahului-Wailuku, HI",149063600,2483.4,70950700,1182.04,2125500,35.41,3197900,53.28,60024
metro,200,"Erie, PA",148787300,1404.71,62468600,589.77,2576000,24.32,6454800,60.94,105920
metro,201,"Longview, TX",147194400,1326.51,63200800,569.56,2500900,22.54,6281800,56.61,110964
metro,202,"Champaign-Urbana, IL",146085200,1481.16,61812600,626.72,2351000,23.84,5083900,51.55,98629
metro,203,"Punta Gorda, FL",146018400,1417.48,61409300,596.13,2408600,23.38,6980600,67.76,103013
metro,204,"Lynchburg, VA",145877800,1339.85,62628300,575.23,2445000,22.46,6279700,57.68,108876
metro,205,"Columbus, GA-AL",143536900,1120.61,61407400,479.42,2046700,15.98,4867000,38.0,128088
metro,206,"Binghamton, NY",140302100,1431.16,58959500,601.42,2381200,24.29,5860900,59.78,98034
metro,207,"Medford, OR",139775900,1505.04,58193700,626.6,2425200,26.11,6274900,67.57,92872
metro,208,"Panama City-Panama City Beach, FL",137714800,1450.7,58984200,621.34,2352600,24.78,5902100,62.17,94930
metro,209,"Topeka, KS",136424100,1414.07,57728500,598.37,2396700,24.84,6172200,63.98,96476
metro,210,"Tyler, TX",136170600,1432.23,58074900,610.83,2208000,23.22,5511600,57.97,95076
metro,211,"Midland, TX",135627900,1821.66,59360600,797.29,2233100,29.99,5076400,68.18,74453
metro,212,"Chico, CA",133994800,1582.4,56760400,670.31,2243200,26.49,5257800,62.09,84678
metro,213,"Springfield, IL",133906400,1532.93,58357000,668.06,2215400,25.36,5482300,62.76,87353
metro,214,"Billings, MT",132479500,1582.35,55921300,667.93,2296200,27.43,5777400,69.01,83723
metro,215,"Lake Charles, LA",131470600,1373.32,56860500,593.95,2202300,23.0,5333400,55.71,95732
metro,216,"Columbia, MO",131081600,1475.98,55419800,624.03,2163100,24.36,5001700,56.32,88810
metro,217,"Johnson City, TN",130063200,1363.6,54601700,572.45,2391900,25.08,6002700,62.93,95382
metro,218,"Merced, CA",129385300,1521.11,54474300,640.42,2380600,27.99,5425100,63.78,85060
metro,219,"Gainesville, GA",124950400,1653.72,54680300,723.7,2164200,28.64,5292300,70.04,75557
metro,220,"Fort Smith, AR-OK",123343100,1338.56,51142800,555.02,2308200,25.05,5616400,60.95,92146
metro,221,"Iowa City, IA",123313400,1612.3,52890600,691.53,1998500,26.13,4511000,58.98,76483
metro,222,"Kingston, NY",123254200,1709.73,53724100,745.24,1973300,27.37,4855400,67.35,72090
metro,223,"Yakima, WA",122756500,1410.3,51059300,586.6,2300300,26.43,5703500,65.53,87043
metro,224,"St. Cloud, MN",122569300,1515.52,52430800,648.29,2087500,25.81,5232700,64.7,80876
metro,225,"Sebastian-Vero Beach-West Vero Corridor, FL",122087900,1549.38,52872600,670.99,1940200,24.62,5227500,66.34,78798
metro,226,"Tuscaloosa, AL",122003200,1171.47,52440300,503.53,1899800,18.24,4590800,44.08,104145
metro,227,"Coeur d'Alene, ID",121283000,1564.09,52087000,671.73,2178500,28.09,5656300,72.94,77542
metro,228,"Lafayette-West Lafayette, IN",120660000,1392.55,50218700,579.58,2089500,24.12,4804600,55.45,86647
metro,229,"Charleston, WV",119500500,1346.65,49509800,557.93,2117700,23.86,5397700,60.83,88739
metro,230,"Athens-Clarke County, GA",118537500,1445.79,50986800,621.88,1926500,23.5,4355500,53.12,81988
metro,231,"St. George, UT",117648300,1651.85,50820700,713.55,2136300,29.99,5515500,77.44,71222
metro,232,"Racine-Mount Pleasant, WI",116873100,1490.54,50026100,638.01,1934700,24.67,4950700,63.14,78410
metro,233,"Lake Havasu City-Kingman, AZ",116079600,1289.69,47308100,525.61,2074400,23.05,5677000,63.07,90006
metro,234,"Concord, NH",116004100,1847.14,51499100,820.02,1921300,30.59,4784100,76.18,62802
metro,235,"Redding, CA",114689400,1566.47,48641900,664.37,1956500,26.72,4900000,66.93,73215
metro,236,"Santa Fe, NM",111319900,1579.18,46493800,659.56,1824900,25.89,4735200,67.17,70492
metro,237,"Oshkosh-Neenah, WI",111084000,1484.72,46707600,624.28,1912000,25.56,4844100,64.75,74818
metro,238,"Joplin, MO-KS",110605300,1351.48,45544000,556.5,2067800,25.27,5230400,63.91,81840
metro,239,"Wildwood-The Villages, FL",110334400,1440.62,45519000,594.34,1713000,22.37,5418500,70.75,76588
metro,240,"Bloomington, IL",110208300,1644.58,48102500,717.81,1790400,26.72,4072700,60.77,67013
metro,241,"Bowling Green, KY",109850100,1395.13,46590900,591.72,1970500,25.03,4642800,58.97,78738
metro,242,"Yuba City, CA",109374600,1708.28,48363800,755.38,1835400,28.67,3832100,59.85,64026
metro,243,"Warner Robins, GA",108321700,1324.24,47736900,583.59,1608700,19.67,3852800,47.1,81799
metro,244,"Elkhart-Goshen, IN",107940500,1449.88,45937800,617.05,1917300,25.75,4872400,65.45,74448
metro,245,"Auburn-Opelika, AL",107083200,1279.74,46835800,559.73,1731600,20.69,3797100,45.38,83676
metro,246,"Las Cruces, NM",107082500,1264.3,43744800,516.49,2063000,24.36,4934200,58.26,84697
metro,247,"Traverse City, MI",106670400,1565.78,45662100,670.26,1845400,27.09,4935100,72.44,68126
metro,248,"La Crosse-Onalaska, WI-MN",106193500,1517.61,44826800,640.62,1835700,26.23,4624600,66.09,69974
metro,249,"Eau Claire, WI",106170000,1508.33,44772500,636.07,1846000,26.23,4702600,66.81,70389
metro,250,"Macon-Bibb County, GA",105985300,1141.84,45970100,495.26,1501200,16.17,3640900,39.23,92820
metro,251,"Kenosha, WI",103831500,1604.05,45640900,705.09,1762900,27.23,4365100,67.43,64731
metro,252,"Waterloo-Cedar Falls, IA",103645300,1445.86,43128100,601.64,1731300,24.15,4350800,60.69,71684
metro,253,"Napa, CA",103522100,2164.06,46984900,982.19,1577300,32.97,3509800,73.37,47837
metro,254,"Amherst Town-Northampton, MA",103513500,1780.75,45153700,776.78,1636700,28.16,3937000,67.73,58129
metro,255,"Homosassa Springs, FL",103436800,1308.75,42823400,541.83,1838900,23.27,5130800,64.92,79035
metro,256,"Rapid City, SD",100323500,1494.76,42206000,628.84,1771800,26.4,4531800,67.52,67117
metro,257,"Monroe, LA",99906700,1160.21,42656000,495.36,1611400,18.71,3889500,45.17,86111
metro,258,"Blacksburg-Christiansburg-Radford, VA",99245000,1430.13,41512600,598.2,1746500,25.17,4159700,59.94,69396
metro,259,"Abilene, TX",99151400,1382.73,41652100,580.87,1764900,24.61,4380900,61.09,71707
metro,260,"Bozeman, MT",98503600,1759.56,42564600,760.33,1630500,29.13,3869000,69.11,55982
metro,261,"Idaho Falls, ID",97344200,1615.89,41349400,686.39,1783000,29.6,4465400,74.12,60242
metro,262,"Laredo, TX",97210000,1339.52,40310400,555.46,2065900,28.47,5006300,68.98,72571
metro,263,"Bismarck, ND",97138100,1665.72,41846700,717.59,1671700,28.67,4168000,71.47,58316
metro,264,"Houma-Bayou Cane-Thibodaux, LA",96764700,1328.77,41459500,569.32,1685000,23.14,4185400,57.47,72823
metro,265,"Saginaw, MI",96487600,1285.03,40534400,539.84,1613100,21.48,4122800,54.91,75086
metro,266,"Monroe, MI",95745400,1584.61,41430300,685.68,1668500,27.61,4300700,71.18,60422
metro,267,"Chambersburg, PA",95734800,1493.97,40841100,637.34,1714100,26.75,4500700,70.23,64081
metro,268,"Janesville-Beloit, WI",95427000,1452.58,40669500,619.07,1665800,25.36,4354900,66.29,65695
metro,269,"Torrington, CT",95308300,1929.2,41904900,848.23,1522400,30.82,3726700,75.43,49403
metro,270,"Dover, DE",95023600,1290.66,41650400,565.72,1506000,20.46,3730600,50.67,73624
metro,271,"Jacksonville, NC",94494900,1298.04,40369500,554.54,1707300,23.45,4059400,55.76,72798
metro,272,"Grand Junction, CO",94397000,1506.93,39572300,631.72,1673700,26.72,4317700,68.93,62642
metro,273,"Pueblo, CO",93915900,1341.25,38586700,551.07,1729900,24.71,4409500,62.97,70021
metro,274,"Winchester, VA-WV",93812000,1663.24,40956200,726.14,1602300,28.41,4008600,71.07,56403
metro,275,"East Stroudsburg, PA",92756200,1541.83,41804400,694.89,1525100,25.35,3811500,63.36,60160
metro,276,"Morgantown, WV",92714300,1491.25,38864800,625.12,1595000,25.65,3729800,59.99,62172
metro,277,"Bangor, ME",92592400,1415.16,39368000,601.69,1698000,25.95,4242400,64.84,65429
metro,278,"Muskegon-Norton Shores, MI",92509300,1298.9,38871700,545.79,1639200,23.02,4314700,60.58,71221
metro,279,"State College, PA",92497200,1627.38,40087200,705.29,1532000,26.95,3443300,60.58,56838
metro,280,"Lebanon, PA",92432700,1568.84,39634200,672.7,1663500,28.23,4274500,72.55,58918
metro,281,"Bloomington, IN",92384300,1410.96,38450900,587.25,1584200,24.2,3629500,55.43,65476
metro,282,"Burlington, NC",92252500,1251.88,39520100,536.29,1546000,20.98,3906400,53.01,73691
metro,283,"Mount Vernon-Anacortes, WA",91663800,1696.47,39761100,735.88,1578200,29.21,3960500,73.3,54032
metro,284,"Sherman-Denison, TX",91483500,1493.58,38965500,636.16,1639200,26.76,4147700,67.72,61251
metro,285,"Niles, MI",90941800,1437.72,39175500,619.34,1516000,23.97,3796300,60.02,63254
metro,286,"Pittsfield, MA",90881900,1617.37,39169400,697.08,1487600,26.47,3775800,67.2,56191
metro,287,"Odessa, TX",90790600,1474.45,38659800,627.84,1667900,27.09,3917400,63.62,61576
metro,288,"Terre Haute, IN",89428600,1342.59,37061600,556.41,1645200,24.7,4146900,62.26,66609
metro,289,"Wausau, WI",89425700,1574.53,38546700,678.7,1571000,27.66,3940200,69.38,56795
metro,290,"Yuma, AZ",88883400,1315.19,35786500,529.53,1679700,24.85,4311500,63.8,67582
metro,291,"Jefferson City, MO",88490000,1435.15,37813600,613.27,1586900,25.74,4102200,66.53,61659
metro,292,"Jackson, MI",88107200,1393.64,37548800,593.93,1559000,24.66,4012000,63.46,63221
metro,293,"Florence, SC",87605900,1108.16,37457400,473.81,1306700,16.53,3190100,40.35,79055
metro,294,"Decatur, AL",87520300,1354.45,37549600,581.11,1540200,23.84,3898400,60.33,64617
metro,295,"Pottsville, PA",85293600,1393.16,35333800,577.13,1572100,25.68,4152600,67.83,61223
metro,296,"Ottawa, IL",84998100,1462.48,36169800,622.34,1523600,26.22,3945900,67.89,58119
metro,297,"Missoula, MT",84931300,1505.23,34905000,618.62,1460100,25.88,3632400,64.38,56424
metro,298,"Florence-Muscle Shoals, AL",83567900,1285.88,35500200,546.25,1501600,23.11,3849500,59.23,64989
metro,299,"Jackson, TN",83525900,1173.86,35412900,497.69,1400600,19.68,3530200,49.61,71155
metro,300,"Sioux City, IA-NE-SD",83203300,1482.28,35552000,633.36,1459500,26.0,3580500,63.79,56132
metro,301,"Greenville, NC",82626700,1115.82,34804900,470.02,1198100,16.18,2839700,38.35,74050
metro,302,"Cookeville, TN",82180600,1317.19,34276800,549.39,1576200,25.26,3938900,63.13,62391
metro,303,"Wenatchee-East Wenatchee, WA",81587000,1656.35,34886400,708.25,1418400,28.8,3603600,73.16,49257
metro,304,"Truckee-Grass Valley, CA",81501500,1817.77,35489400,791.54,1322400,29.49,3346300,74.63,44836
metro,305,"Glens Falls, NY",81398300,1561.03,35008100,671.37,1403700,26.92,3674400,70.47,52144
metro,306,"Logan, UT-ID",80465100,1569.96,34655600,676.17,1523500,29.73,3705600,72.3,51253
metro,307,"Pinehurst-Southern Pines, NC",79330800,1628.03,34928800,716.81,1339000,27.48,3397900,69.73,48728
metro,308,"Eureka-Arcata, CA",79160900,1404.66,32359200,574.19,1391500,24.69,3410700,60.52,56356
metro,309,"Wheeling, WV-OH",78665600,1377.42,32898300,576.04,1438500,25.19,3745000,65.57,57111
metro,310,"Dothan, AL",78654100,1239.99,33516400,528.39,1330500,20.98,3355500,52.9,63431
metro,311,"Kalispell, MT",78287900,1561.98,33230500,663.01,1383100,27.6,3578800,71.4,50121
metro,312,"Wichita Falls, TX",77683600,1357.58,33389700,583.51,1395200,24.38,3420600,59.78,57222
metro,313,"Augusta-Waterville, ME",77141600,1420.21,32392600,596.36,1381000,25.42,3577000,65.85,54317
metro,314,"Hattiesburg, MS",77041400,1243.57,32755300,528.72,1234300,19.92,2993100,48.31,61952
metro,315,"Holland, MI",77035100,1591.83,33689400,696.15,1412000,29.18,3636400,75.14,48394
metro,316,"Albany, OR",76943200,1439.83,32689800,611.72,1453600,27.2,3752600,70.22,53439
metro,317,"Johnstown, PA",75809000,1293.32,31249800,533.13,1370000,23.37,3627100,61.88,58616
metro,318,"Harrisonburg, VA",75252300,1465.99,31611000,615.81,1308600,25.49,3293300,64.16,51332
metro,319,"Battle Creek, MI",75164600,1359.73,31638400,572.34,1277000,23.1,3179600,57.52,55279
metro,320,"Corbin, KY",74930000,1257.81,31561400,529.8,1581000,26.54,3842400,64.5,59572
metro,321,"Sheboygan, WI",74769800,1514.26,31550100,638.96,1276100,25.84,3293100,66.69,49377
metro,322,"Staunton-Stuarts Draft, VA",74732100,1397.83,31603100,591.12,1311100,24.52,3442900,64.4,53463
metro,323,"Lawrence, KS",74696100,1500.55,30971900,622.19,1220500,24.52,2849500,57.24,49779
metro,324,"Vineland, NJ",73916700,1385.53,31776800,595.64,1269600,23.8,3136300,58.79,53349
metro,325,"Flagstaff, AZ",73157700,1540.32,30778100,648.03,1254100,26.4,3030300,63.8,47495
metro,326,"Cleveland, TN",73041800,1383.29,31293500,592.65,1377400,26.09,3476000,65.83,52803
metro,327,"Jonesboro, AR",72996800,1315.61,30995500,558.63,1303800,23.5,3133100,56.47,55485
metro,328,"Longview-Kelso, WA",72753300,1556.92,31004900,663.5,1302900,27.88,3284200,70.28,46729
metro,329,"El Centro, CA",71814800,1325.61,29788700,549.86,1482600,27.37,3531900,65.19,54175
metro,330,"Ames, IA",71183300,1509.85,29797600,632.03,1186400,25.16,2810400,59.61,47146
metro,331,"Alexandria, LA",71097300,1243.98,30072900,526.18,1163400,20.36,2895000,50.65,57153
metro,332,"Anderson Creek, NC",71083600,1266.5,30180200,537.72,1233800,21.98,3038600,54.14,56126
metro,333,"Dalton, GA",70604800,1408.52,29975100,597.98,1376700,27.46,3465800,69.14,50127
metro,334,"Richmond-Berea, KY",69693300,1338.15,29159800,559.88,1319700,25.34,3287700,63.13,52082
metro,335,"Manhattan, KS",69475100,1396.99,28637000,575.83,1195100,24.03,2756000,55.42,49732
metro,336,"Altoona, PA",69346800,1385.38,28918000,577.71,1260000,25.17,3279300,65.51,50056
metro,337,"Morristown, TN",69294200,1363.07,29371300,577.75,1309200,25.75,3349000,65.88,50837
metro,338,"Helena, MT",69021300,1618.7,29901500,701.25,1219100,28.59,3095800,72.6,42640
metro,339,"Texarkana, TX-AR",69007900,1202.86,28953800,504.69,1138300,19.84,2847500,49.63,57370
metro,340,"Sandusky, OH",68912300,1443.95,29368500,615.37,1181700,24.76,3130300,65.59,47725
metro,341,"Sierra Vista-Douglas, AZ",68683400,1329.04,28153800,544.78,1209500,23.4,3109000,60.16,51679
metro,342,"Springfield, OH",68479300,1274.46,28033300,521.72,1200500,22.34,3174300,59.08,53732
metro,343,"Owensboro, KY",68263000,1448.55,29252300,620.74,1231900,26.14,3033000,64.36,47125
metro,344,"Jamestown-Dunkirk, NY",68006000,1308.79,27881500,536.59,1271500,24.47,3277400,63.07,51961
metro,345,"Ithaca, NY",67979300,1685.7,29312700,726.88,1044200,25.89,2241100,55.57,40327
metro,346,"Elizabethtown, KY",67849700,1407.32,29212900,605.93,1186000,24.6,2934200,60.86,48212
metro,347,"Hanford-Corcoran, CA",67565000,1494.87,28768100,636.49,1240200,27.44,2879700,63.71,45198
metro,348,"Whitewater-Elkhorn, WI",67491600,1627.56,29206500,704.31,1152500,27.79,2994100,72.2,41468
metro,349,"Putnam, CT",67442400,1739.46,29708200,766.23,1136600,29.31,2837900,73.19,38772
metro,350,"Corvallis, OR",67076300,1667.78,28756700,715.0,1080500,26.87,2481500,61.7,40219
metro,351,"Key West-Key Largo, FL",66879200,1788.6,29494500,788.79,1074500,28.74,2691600,71.98,37392
metro,352,"San Angelo, TX",66674000,1413.03,27864300,590.53,1211100,25.67,3013900,63.87,47185
metro,353,"Twin Falls, ID",66649300,1459.72,28169400,616.95,1265700,27.72,3180400,69.66,45659
metro,354,"Heber, UT",66406800,2360.71,30267500,1075.99,1061200,37.72,2471000,87.84,28130
metro,355,"Tupelo, MS",66225500,1278.46,28747700,554.96,1154700,22.29,2873200,55.47,51801
metro,356,"Roseburg, OR",66150500,1356.52,27346100,560.77,1214000,24.89,3214300,65.91,48765
metro,357,"Lewiston-Auburn, ME",66149100,1424.12,28111600,605.21,1181200,25.43,3027200,65.17,46449
metro,358,"Fond du Lac, WI",65874400,1494.22,28210600,639.9,1167300,26.48,3068900,69.61,44086
metro,359,"Brunswick-St. Simons, GA",65834500,1372.32,28335900,590.66,1068200,22.27,2762100,57.58,47973
metro,360,"St. Joseph, MO-KS",65671600,1374.54,27066500,566.52,1175100,24.6,3028300,63.38,47777
metro,361,"Grand Forks, ND-MN",65534700,1448.15,27490300,607.47,1152600,25.47,2793800,61.74,45254
metro,362,"New Bern, NC",65464900,1304.26,28324600,564.31,1079800,21.51,2733100,54.45,50193
metro,363,"Valdosta, GA",65316900,1095.09,27440900,460.07,1027500,17.23,2491000,41.76,59645
metro,364,"Wooster, OH",65098600,1479.95,27728800,630.39,1187900,27.01,3118500,70.9,43987
metro,365,"Cheyenne, WY",65024600,1561.78,27831100,668.45,1136100,27.29,2833200,68.05,41635
metro,366,"Sunbury, PA",64540100,1408.65,27222700,594.16,1185600,25.88,3022600,65.97,45817
metro,367,"Kapaa, HI",64391500,2395.96,30477600,1134.05,921300,34.28,1346700,50.11,26875
metro,368,"Fairbanks-College, AK",64059100,1802.91,27827400,783.19,1026700,28.9,2421400,68.15,35531
metro,369,"Salisbury, MD",63956000,1313.97,27542600,565.86,971300,19.96,2422700,49.77,48674
metro,370,"Gettysburg, PA",63620000,1602.6,27844800,701.42,1133800,28.56,2986200,75.22,39698
metro,371,"Mansfield, OH",63580800,1265.06,26303900,523.37,1161400,23.11,3047700,60.64,50259
metro,372,"Williamsport, PA",63523900,1376.32,26313600,570.11,1123900,24.35,2966200,64.27,46155
metro,373,"Hammond, LA",63246500,1174.62,26831900,498.33,1058800,19.66,2617900,48.62,53844
metro,374,"Mankato, MN",63046900,1508.12,26630800,637.02,1072800,25.66,2656100,63.54,41805
metro,375,"Brainerd, MN",62948700,1464.81,26788200,623.36,1113900,25.92,3000200,69.81,42974
metro,376,"Oak Harbor, WA",62937700,1743.04,27530100,762.44,1039600,28.79,2598800,71.97,36108
metro,377,"Dubuque, IA",62754500,1537.42,27027300,662.14,1081200,26.49,2759100,67.6,40818
metro,378,"Rocky Mount, NC",62653500,1034.28,26883900,443.8,893300,14.75,2291900,37.83,60577
metro,379,"Weirton-Steubenville, WV-OH",61130800,1267.62,25109700,520.68,1097900,22.77,2946200,61.09,48225
metro,380,"Paducah, KY-IL",60743600,1364.78,25381800,570.28,1080400,24.27,2777900,62.41,44508
metro,381,"Sebring, FL",60715400,1247.95,24727000,508.24,1046000,21.5,2876200,59.12,48652
metro,382,"Michigan City-La Porte, IN",60385200,1392.13,25662200,591.62,1037900,23.93,2694900,62.13,43376
metro,383,"Jefferson, GA",60093200,1718.62,26938500,770.42,1092500,31.24,2674900,76.5,34966
metro,384,"Hermitage, PA",59323700,1359.92,25166900,576.92,1099300,25.2,2869400,65.78,43623
metro,385,"Watertown-Fort Drum, NY",59286100,1392.12,25062200,588.49,1091100,25.62,2691400,63.2,42587
metro,386,"Lawton, OK",58826000,1277.69,24696000,536.39,1000300,21.73,2376900,51.63,46041
metro,387,"Midland, MI",58810600,1700.71,25729000,744.04,1018600,29.46,2501700,72.35,34580
metro,388,"Bay City, MI",58479700,1363.23,24350900,567.65,1078600,25.14,2823600,65.82,42898
metro,389,"Muncie, IN",57239600,1255.23,23306700,511.1,1033600,22.67,2598700,56.99,45601
metro,390,"Sevierville, TN",57033600,1430.02,24402100,611.84,1062700,26.65,2727000,68.37,39883
metro,391,"Albertville, AL",57007900,1419.84,24082400,599.8,1071400,26.68,2720000,67.74,40151
metro,392,"Beckley, WV",56627100,1214.86,23028000,494.04,1091800,23.42,2818800,60.47,46612
metro,393,"Columbus, IN",55749300,1665.65,24323700,726.73,937600,28.01,2136400,63.83,33470
metro,394,"Hot Springs, AR",55661100,1269.93,22771900,519.55,1003700,22.9,2626400,59.92,43830
metro,395,"Corning, NY",55399200,1465.55,23615500,624.73,991400,26.23,2494500,65.99,37801
metro,396,"Rifle, CO",55393600,1764.97,24055300,766.46,936300,29.83,2338900,74.52,31385
metro,397,"Farmington, NM",55391400,1304.43,22511200,530.12,1068300,25.16,2654700,62.52,42464
metro,398,"Grants Pass, OR",55260400,1401.27,22623400,573.67,984800,24.97,2599500,65.92,39436
metro,399,"Decatur, IL",55090700,1305.96,23300500,552.35,904500,21.44,2294000,54.38,42184
metro,400,"Adrian, MI",55082100,1446.75,23298600,611.95,997600,26.2,2634200,69.19,38073
metro,401,"Albany, GA",54920200,980.25,23133500,412.9,735800,13.13,1872100,33.41,56027
metro,402,"Cape Girardeau, MO-IL",54908500,1350.76,23416000,576.04,991200,24.38,2501900,61.55,40650
metro,403,"Victoria, TX",54802300,1440.73,23411200,615.47,979900,25.76,2427400,63.82,38038
metro,404,"Cullman, AL",54445500,1418.11,23130600,602.47,1046700,27.26,2669500,69.53,38393
metro,405,"Massena-Ogdensburg, NY",53668800,1380.33,22290300,573.3,992700,25.53,2529800,65.07,38881
metro,406,"Ukiah, CA",53617100,1438.38,22352600,599.65,924000,24.79,2401600,64.43,37276
metro,407,"Kankakee, IL",53490200,1399.64,23008200,602.04,908300,23.77,2287400,59.85,38217
metro,408,"Goldsboro, NC",53406300,1108.66,22293100,462.78,862900,17.91,2167300,44.99,48172
metro,409,"Port Angeles, WA",53373300,1460.68,22223100,608.19,905900,24.79,2467700,67.53,36540
metro,410,"Keene, NH",53262300,1633.91,23223900,712.43,926500,28.42,2389700,73.31,32598
metro,411,"Salem, OH",53228000,1320.93,22201800,550.97,1006900,24.99,2649000,65.74,40296
metro,412,"Centralia, WA",53185700,1463.96,22581000,621.55,976500,26.88,2562900,70.55,36330
metro,413,"Casper, WY",53171000,1576.75,22630500,671.09,944600,28.01,2355500,69.85,33722
metro,414,"Anniston-Oxford, AL",52851600,1157.81,21875100,479.21,911000,19.96,2321700,50.86,45648
metro,415,"Watertown-Fort Atkinson, WI",52631400,1548.21,22687800,667.39,919100,27.04,2429700,71.47,33995
metro,416,"Gadsden, AL",52496900,1246.72,22308100,529.78,972500,23.1,2464200,58.52,42108
metro,417,"Clarksburg, WV",52383400,1410.58,21765500,586.1,945200,25.45,2438500,65.66,37136
metro,418,"New Philadelphia-Dover, OH",51769800,1370.51,21514500,569.56,959000,25.39,2549200,67.49,37774
metro,419,"Moses Lake, WA",51764400,1443.11,21463500,598.37,932000,25.98,2322300,64.74,35870
metro,420,"Beaver Dam, WI",51380500,1453.56,21907500,619.77,922000,26.08,2465600,69.75,35348
metro,421,"Rome, GA",51339900,1343.17,21638700,566.12,901800,23.59,2223800,58.18,38223
metro,422,"Bluefield, WV-VA",51277100,1245.19,20867500,506.74,978900,23.77,2530200,61.44,41180
metro,423,"Cumberland, MD-WV",51080900,1295.61,20931100,530.9,948900,24.07,2499800,63.4,39426
metro,424,"Granbury, TX",51078200,1712.94,22217300,745.07,879500,29.49,2275800,76.32,29819
metro,425,"Parkersburg-Vienna, WV",50852600,1339.42,20949800,551.8,936400,24.66,2425500,63.89,37966
metro,426,"Great Falls, MT",50658200,1381.42,20797600,567.14,898800,24.51,2300600,62.74,36671
metro,427,"Monticello, NY",50477100,1553.86,21468700,660.88,814600,25.08,2004800,61.71,32485
metro,428,"Minot, ND",50476300,1598.36,21748300,688.67,858100,27.17,2119400,67.11,31580
metro,429,"Manitowoc, WI",50359600,1432.14,21541500,612.6,909900,25.88,2391100,68.0,35164
metro,430,"Lima, OH",50281200,1276.01,20703800,525.41,856400,21.73,2262200,57.41,39405
metro,431,"Athens, TX",49763200,1405.5,21084600,595.51,905000,25.56,2368200,66.89,35406
metro,432,"Seneca, SC",49476500,1414.71,21408000,612.13,893800,25.56,2281600,65.24,34973
metro,433,"Hermiston-Pendleton, OR",49200800,1465.18,20355700,606.19,901500,26.85,2312300,68.86,33580
metro,434,"Shelby-Kings Mountain, NC",49181900,1201.4,21087300,515.12,881700,21.54,2208300,53.94,40937
metro,435,"Pocatello, ID",48413800,1424.98,20357900,599.2,907300,26.7,2227500,65.56,33975
metro,436,"Findlay, OH",48277500,1535.54,20528100,652.93,855000,27.19,2145800,68.25,31440
metro,437,"Plattsburgh, NY",47895000,1472.7,20329200,625.09,863100,26.54,2191800,67.39,32522
metro,438,"Zanesville, OH",47729600,1329.33,19767400,550.55,882300,24.57,2252600,62.74,35905
metro,439,"Kokomo, IN",47704500,1341.6,19476300,547.73,826400,23.24,2184000,61.42,35558
metro,440,"Show Low, AZ",47582700,1245.95,19830100,519.25,956900,25.06,2446000,64.05,38190
metro,441,"Warsaw, IN",47566600,1534.01,20449500,659.49,843800,27.21,2199600,70.94,31008
metro,442,"Frankfort, KY",47207900,1443.09,19834500,606.32,814500,24.9,2073200,63.38,32713
metro,443,"Greenfield, MA",46912200,1537.7,19702400,645.81,795700,26.08,2068500,67.8,30508
metro,444,"LaGrange, GA-AL",46911200,1148.74,20187700,494.35,719400,17.62,1764900,43.22,40837
metro,445,"Morehead City, NC",46904100,1490.11,20270600,643.98,810400,25.75,2117400,67.27,31477
metro,446,"Wisconsin Rapids-Marshfield, WI",46801400,1428.31,19623200,598.87,831800,25.39,2196300,67.03,32767
metro,447,"Elmira, NY",46527200,1377.24,19270800,570.43,803800,23.79,2067500,61.2,33783
metro,448,"Laconia, NH",46434400,1700.08,20529500,751.64,802300,29.37,2087700,76.44,27313
metro,449,"Hudson, NY",45712900,1812.06,20189300,800.31,747400,29.63,1874900,74.32,25227
metro,450,"Shelton, WA",45622400,1596.53,19791400,692.59,816000,28.56,2135300,74.72,28576
metro,451,"Auburn, NY",45003100,1438.67,18855700,602.78,789100,25.23,2065700,66.04,31281
metro,452,"Meadville, PA",44896900,1340.69,18715300,558.87,827700,24.72,2218300,66.24,33488
metro,453,"Indiana, PA",44364300,1335.67,18587200,559.6,826200,24.87,2120200,63.83,33215
metro,454,"Stevens Point-Plover, WI",44208500,1506.41,18738700,638.52,766000,26.1,1960700,66.81,29347
metro,455,"Pikeville, KY",43712800,1203.91,18268000,503.13,922700,25.41,2274600,62.65,36309
metro,456,"Danville, VA",43661200,1018.91,17960300,419.13,676300,15.78,1751400,40.87,42851
metro,457,"Aberdeen, WA",43494700,1353.84,17888200,556.8,782800,24.37,2078000,64.68,32127
metro,458,"Lumberton, NC",43259300,1010.21,17546000,409.74,797400,18.62,1896000,44.28,42822
metro,459,"Grand Island, NE",42921600,1390.58,17919400,580.55,770400,24.96,1986300,64.35,30866
metro,460,"Russellville, AR",42709800,1307.55,17781100,544.36,837600,25.64,2092800,64.07,32664
metro,461,"Quincy, IL-MO",42705500,1379.47,17930300,579.18,765100,24.71,1989200,64.25,30958
metro,462,"Greenwood, SC",42405100,1099.8,17724500,459.7,682000,17.69,1761700,45.69,38557
metro,463,"DuBois, PA",42287400,1346.9,17694900,563.6,786800,25.06,2078800,66.21,31396
metro,464,"Stillwater, OK",41725700,1237.53,16480700,488.79,756500,22.44,1784400,52.92,33717
metro,465,"Baraboo, WI",41500400,1499.29,17804900,643.24,751300,27.14,1972500,71.26,27680
metro,466,"Talladega-Sylacauga, AL",40962300,1135.1,17565500,486.75,684800,18.98,1735200,48.08,36087
metro,467,"Marquette, MI",40878800,1380.85,16857700,569.44,739400,24.98,1994600,67.38,29604
metro,468,"Sumter, SC",40820300,1023.68,17559600,440.36,571900,14.34,1420600,35.63,39876
metro,469,"Barre, VT",40781600,1605.76,17372000,684.02,699400,27.54,1801800,70.95,25397
metro,470,"Olean, NY",40701000,1320.99,16793800,545.06,770400,25.0,2002400,64.99,30811
metro,471,"Clearlake, CA",40589700,1419.32,16690500,583.62,684700,23.94,1777100,62.14,28598
metro,472,"Durango, CO",40496700,1670.79,17365400,716.45,692500,28.57,1745700,72.02,24238
metro,473,"Lufkin, TX",40441000,1258.59,17441400,542.8,740400,23.04,1851300,57.62,32132
metro,474,"Faribault-Northfield, MN",40427800,1617.44,17672600,707.05,704500,28.19,1758300,70.35,24995
metro,475,"Gardnerville Ranchos, NV-CA",40412300,1851.14,18144000,831.11,675000,30.92,1724700,79.0,21831
metro,476,"Marinette, WI-MI",40271300,1324.54,16883300,555.3,743800,24.46,2033100,66.87,30404
metro,477,"Lewiston, ID-WA",40172100,1422.93,16564900,586.74,697400,24.7,1832400,64.91,28232
metro,478,"Waynesville, NC",40096900,1401.16,17111200,597.94,738000,25.79,1946500,68.02,28617
metro,479,"Fergus Falls, MN",40091000,1494.32,17017400,634.29,715300,26.66,1903500,70.95,26829
metro,480,"Marion-Herrin, IL",39968000,1438.16,17062800,613.97,728300,26.21,1834400,66.01,27791
metro,481,"Searcy, AR",39800300,1298.25,16444000,536.39,762300,24.87,1906900,62.2,30657
metro,482,"Klamath Falls, OR",39779900,1335.84,16514900,554.58,744500,25.0,1898100,63.74,29779
metro,483,"Somerset, PA",39663100,1339.83,16539300,558.7,744200,25.14,2013900,68.03,29603
metro,484,"Chillicothe, OH",39559500,1335.7,16519600,557.77,729300,24.62,1882700,63.57,29617
metro,485,"Athens, TN",39473800,1346.63,16647400,567.92,764900,26.09,1990400,67.9,29313
metro,486,"Greeneville, TN",39406000,1281.95,16433000,534.6,749000,24.37,1970000,64.09,30739
metro,487,"Hemlock Farms, PA",39245500,1625.21,17350900,718.52,645700,26.74,1685000,69.78,24148
metro,488,"Ocean Pines, MD",39123400,1620.62,17087700,707.83,595200,24.66,1543300,63.93,24141
metro,489,"Coos Bay-North Bend, OR",39054200,1396.79,16092100,575.54,685500,24.52,1831200,65.49,27960
metro,490,"Statesboro, GA",38611200,1122.65,15557000,452.33,606800,17.64,1461300,42.49,34393
metro,491,"Carlsbad-Artesia, NM",38509500,1565.49,16827900,684.09,713200,28.99,1745300,70.95,24599
metro,492,"Owosso, MI",38461100,1404.0,16310300,595.4,719600,26.27,1895600,69.2,27394
metro,493,"Edwards, CO",38336000,1996.77,16804500,875.28,624600,32.53,1466100,76.36,19199
metro,494,"Shawnee, OK",38274100,1327.21,15954400,553.24,731700,25.37,1860300,64.51,28838
metro,495,"Enid, OK",38178200,1472.75,16071200,619.96,691500,26.68,1660800,64.07,25923
metro,496,"Carson City, NV",37746200,1503.23,15741200,626.89,638700,25.44,1650900,65.75,25110
metro,497,"Brigham City, UT-ID",37708000,1609.53,16513600,704.87,721900,30.81,1819600,77.67,23428
metro,498,"Mount Airy, NC",37611600,1280.7,15622400,531.95,712500,24.26,1826200,62.18,29368
metro,499,"Bloomsburg-Berwick, PA",37522700,1387.93,15709500,581.08,688900,25.48,1755900,64.95,27035
metro,500,"Albemarle, NC",37430600,1350.51,16024700,578.18,654800,23.63,1665600,60.1,27716
metro,501,"Murrells Inlet, SC",37373800,1328.09,15984100,568.0,563100,20.01,1541900,54.79,28141
metro,502,"Rutland, VT",37253200,1428.31,15601400,598.17,654700,25.1,1735200,66.53,26082
metro,503,"Crossville, TN",37197600,1285.47,15302100,528.81,675100,23.33,1914600,66.16,28937
metro,504,"Tullahoma-Manchester, TN",37012400,1330.9,15654300,562.9,712000,25.6,1819100,65.41,27810
metro,505,"Somerset, KY",37004400,1318.15,15657100,557.73,755400,26.91,1848400,65.84,28073
metro,506,"Portsmouth, OH",36876300,1277.5,15286800,529.58,732200,25.37,1808600,62.66,28866
metro,507,"Kearney, NE",36305400,1493.93,15027200,618.35,629300,25.89,1588900,65.38,24302
metro,508,"Walla Walla, WA",36298300,1526.74,15130200,636.39,623500,26.23,1596700,67.16,23775
metro,509,"Sandpoint, ID",36250300,1510.43,15683100,653.46,659400,27.48,1734000,72.25,24000
metro,510,"Mount Vernon, OH",35866500,1474.96,15321800,630.09,649900,26.73,1720000,70.73,24317
metro,511,"Fort Payne, AL",35750000,1277.47,15034400,537.23,739200,26.41,1842500,65.84,27985
metro,512,"Sonora, CA",35665600,1561.47,15058100,659.26,584800,25.6,1540000,67.42,22841
metro,513,"Hobbs, NM",35620200,1342.28,14775500,556.79,680500,25.64,1627800,61.34,26537
metro,514,"Oxford, MS",35587700,1285.59,15065500,544.23,552200,19.95,1289100,46.57,27682
metro,515,"Red Bluff, CA",35568400,1444.58,15262200,619.86,652800,26.51,1651600,67.08,24622
metro,516,"Sanford, NC",35426500,1309.91,15081700,557.65,597900,22.11,1513700,55.97,27045
metro,517,"Lake City, FL",35384100,1280.13,14899600,539.04,635200,22.98,1611500,58.3,27641
metro,518,"Meridian, MS",35179300,1036.06,14803600,435.98,553600,16.3,1399500,41.22,33955
metro,519,"Williston, ND",35121300,1801.0,15236500,781.32,589600,30.23,1372600,70.39,19501
metro,520,"Palatka, FL",35053300,1115.07,14147400,450.04,620300,19.73,1605900,51.08,31436
metro,521,"Farmington, MO",34922600,1304.98,14424600,539.02,670000,25.04,1678800,62.73,26761
metro,522,"Sayre, PA",34796800,1397.63,14839900,596.05,633200,25.43,1662900,66.79,24897
metro,523,"Hinesville, GA",34620300,1054.18,14802700,450.74,508100,15.47,1202500,36.62,32841
metro,524,"Marietta, OH",34612500,1367.7,14501600,573.03,638100,25.21,1677600,66.29,25307
metro,525,"Thomasville, GA",34564800,1197.8,14752100,511.21,520600,18.04,1301100,45.09,28857
metro,526,"Wilson, NC",34521500,1082.11,14667400,459.76,524200,16.43,1309800,41.06,31902
metro,527,"Forest City, NC",34498700,1272.83,14287700,527.14,629500,23.23,1618500,59.71,27104
metro,528,"Danville, IL",34169800,1194.25,13800700,482.34,589900,20.62,1576000,55.08,28612
metro,529,"Elko, NV",34139800,1675.24,14962600,734.22,635100,31.16,1557000,76.4,20379
metro,530,"Laurel, MS",33945900,1107.14,14444000,471.09,584000,19.05,1495100,48.76,30661
metro,531,"Richmond, IN",33875800,1286.49,13704700,520.46,627800,23.84,1641700,62.35,26332
metro,532,"North Wilkesboro, NC",33829700,1215.54,13787000,495.38,642900,23.1,1714300,61.6,27831
metro,533,"Salina, KS",33616000,1392.26,14264900,590.8,605300,25.07,1534300,63.55,24145
metro,534,"Kerrville, TX",33548600,1437.45,13923300,596.57,576900,24.72,1563200,66.98,23339
metro,535,"Red Wing, MN",33244800,1620.67,14482600,706.02,578600,28.21,1490600,72.67,20513
metro,536,"Alamogordo, NM",33137700,1208.96,13507800,492.81,620800,22.65,1535700,56.03,27410
metro,537,"Bartlesville, OK",33118100,1488.86,13957400,627.47,592300,26.63,1443200,64.88,22244
metro,538,"Batavia, NY",33095000,1474.56,14348500,639.3,595400,26.53,1530600,68.2,22444
metro,539,"Mason City, IA",33070100,1467.11,13886700,616.06,558300,24.77,1458800,64.72,22541
metro,540,"Cedar City, UT",32987600,1439.12,14129800,616.43,634900,27.7,1581600,69.0,22922
metro,541,"Hutchinson, KS",32959000,1323.92,13333900,535.61,576300,23.15,1533600,61.6,24895
metro,542,"Paris, TX",32802200,1260.31,13615300,523.12,601600,23.11,1544400,59.34,26027
metro,543,"Fairmont, WV",32630300,1348.97,13452600,556.15,601300,24.86,1590800,65.77,24189
metro,544,"Dickinson, ND",32529800,1666.4,14331400,734.15,581900,29.81,1406400,72.05,19521
metro,545,"Sturgis, MI",32503900,1365.02,13558100,569.38,587400,24.67,1575700,66.17,23812
metro,546,"Oneonta, NY",32295400,1438.23,13505800,601.46,563000,25.07,1488700,66.3,22455
metro,547,"Ellensburg, WA",32130700,1570.49,13775900,673.34,561100,27.43,1365400,66.74,20459
metro,548,"Newport, OR",32108600,1362.32,13086800,555.25,547600,23.23,1496400,63.49,23569
metro,549,"Jackson, WY-ID",32105000,2157.74,14017500,942.1,501400,33.7,1193200,80.19,14879
metro,550,"Calhoun, GA",31880200,1453.53,13805000,629.42,612900,27.94,1505000,68.62,21933
metro,551,"Rochelle, IL",31809600,1554.19,13522900,660.72,577100,28.2,1528200,74.67,20467
metro,552,"Fremont, OH",31779600,1364.75,13471000,578.5,598700,25.71,1558600,66.93,23286
metro,553,"Mount Pleasant, MI",31769700,1264.06,12668200,504.05,564100,22.44,1390900,55.34,25133
metro,554,"Gillette, WY",31677300,1746.85,14022400,773.27,574100,31.66,1392000,76.76,18134
metro,555,"Marion, IN",31627200,1204.94,12841400,489.23,583300,22.22,1522500,58.0,26248
metro,556,"Breckenridge, CO",31288300,1905.73,13896600,846.42,507500,30.91,1219300,74.27,16418
metro,557,"Opelousas, LA",31159700,989.51,13183500,418.66,491000,15.59,1215400,38.6,31490
metro,558,"Gloversville, NY",31084400,1394.92,13073900,586.69,571800,25.66,1495300,67.1,22284
metro,559,"Muskogee, OK",31048600,1211.27,12639700,493.1,574700,22.42,1431300,55.84,25633
metro,560,"Branson, MO",30833100,1321.83,12670500,543.19,572800,24.56,1509600,64.72,23326
metro,561,"Sterling, IL",30575500,1357.64,12564900,557.92,545900,24.24,1465200,65.06,22521
metro,562,"Steamboat Springs, CO",30539200,1853.11,13433600,815.15,514700,31.23,1252200,75.98,16480
metro,563,"Henderson, KY",30511600,1309.57,12875900,552.64,574600,24.66,1460500,62.69,23299
metro,564,"Brattleboro, VT",30339700,1478.11,12562800,612.04,499000,24.31,1328600,64.73,20526
metro,565,"Enterprise, AL",30316400,1318.39,13025900,566.47,537400,23.37,1326200,57.67,22995
metro,566,"Roswell, NM",30057400,1293.57,12170100,523.76,579000,24.92,1406500,60.53,23236
metro,567,"Payson, AZ",29922600,1282.31,12102100,518.62,545400,23.37,1499000,64.24,23335
metro,568,"Clovis, NM",29886700,1250.02,12319100,515.25,560400,23.44,1364300,57.06,23909
metro,569,"Marion, OH",29862200,1312.74,12183300,535.58,546800,24.04,1411200,62.04,22748
metro,570,"Glasgow, KY",29807500,1265.6,12200100,518.01,580800,24.66,1444800,61.35,23552
metro,571,"New Iberia, LA",29649700,1171.09,12674900,500.63,472500,18.66,1164700,46.0,25318
metro,572,"Norfolk, NE",29637700,1473.05,12644400,628.45,548600,27.27,1397500,69.46,20120
metro,573,"Nacogdoches, TX",29516900,1178.13,11950000,476.97,498000,19.88,1243100,49.62,25054
metro,574,"Tiffin, OH",29228200,1353.22,11971900,554.28,535100,24.77,1415700,65.54,21599
metro,575,"Kingsland, GA",29201300,1336.63,12632100,578.21,504900,23.11,1239000,56.71,21847
metro,576,"Norwalk, OH",29032400,1346.59,11992100,556.22,532300,24.69,1398200,64.85,21560
metro,577,"Ontario, OR-ID",29029300,1343.2,11889300,550.12,549200,25.41,1385800,64.12,21612
metro,578,"Greenville, OH",28999400,1402.43,12069700,583.7,536000,25.92,1411000,68.24,20678
metro,579,"Grand Rapids, MN",28889600,1456.35,12269900,618.54,532400,26.84,1431300,72.15,19837
metro,580,"Rice Lake, WI",28766600,1391.17,12012000,580.91,518000,25.05,1380300,66.75,20678
metro,581,"Carbondale, IL",28753200,1245.48,11578800,501.55,475200,20.58,1104200,47.83,23086
metro,582,"Wapakoneta, OH",28571100,1537.4,12308500,662.32,508700,27.37,1341200,72.17,18584
metro,583,"Pullman, WA",28553200,1379.78,11953200,577.62,513200,24.8,1066700,51.55,20694
metro,584,"Martinsville, VA",28483500,1021.39,11644400,417.56,480900,17.24,1246500,44.7,27887
metro,585,"Aberdeen, SD",28418800,1511.4,12097400,643.38,494000,26.27,1237400,65.81,18803
metro,586,"Ashland, OH",28418300,1368.44,11915500,573.77,529900,25.52,1437700,69.23,20767
metro,587,"Picayune, MS",28363000,1280.9,12060500,544.66,516400,23.32,1311400,59.22,22143
metro,588,"Corsicana, TX",28292400,1346.94,12132300,577.59,503900,23.99,1219100,58.04,21005
metro,589,"Easton, MD",28240500,1738.95,12258600,754.84,402500,24.78,1042000,64.16,16240
metro,590,"Menomonie, WI",28193500,1515.05,12012100,645.5,498800,26.8,1243400,66.82,18609
metro,591,"Pahrump, NV",28154900,1304.19,11874800,550.06,500800,23.2,1337000,61.93,21588
metro,592,"Athens, OH",28118600,1229.23,11457800,500.89,508100,22.21,1227000,53.64,22875
metro,593,"Amsterdam, NY",28078000,1385.34,11643000,574.45,500700,24.7,1286700,63.48,20268
metro,594,"Warrensburg, MO",28044200,1329.55,11587000,549.33,503000,23.85,1278100,60.59,21093
metro,595,"Willmar, MN",28006300,1512.06,12057900,651.0,494800,26.71,1269400,68.53,18522
metro,596,"Astoria, OR",28002800,1500.28,11888000,636.91,484100,25.94,1283400,68.76,18665
metro,597,"Scottsboro, AL",28000800,1258.63,11653700,523.83,552700,24.84,1393100,62.62,22247
metro,598,"Kill Devil Hills, NC",27950700,1703.17,12103900,737.55,468200,28.53,1243700,75.78,16411
metro,599,"Clinton, IA",27876000,1400.52,11843300,595.02,500800,25.16,1297500,65.19,19904
metro,600,"Effingham, IL",27811500,1537.06,11882200,656.69,494700,27.34,1286600,71.11,18094
metro,601,"Winona, MN",27788900,1419.32,11617000,593.34,482300,24.63,1220800,62.35,19579
metro,602,"Huntsville, TX",27756300,1146.39,11347100,468.66,473600,19.56,1157200,47.79,24212
metro,603,"Alexandria, MN",27610300,1569.93,11658900,662.93,475600,27.04,1260300,71.66,17587
metro,604,"Boone, NC",27610200,1295.46,11277200,529.12,483300,22.68,1179100,55.32,21313
metro,605,"Shawano, WI",27484600,1431.49,11779900,613.54,510600,26.59,1367100,71.2,19200
metro,606,"Cadillac, MI",27446700,1340.76,11589900,566.16,522900,25.54,1392800,68.04,20471
metro,607,"Montrose, CO",27445000,1485.84,11491200,622.12,490300,26.54,1307500,70.79,18471
metro,608,"Durant, OK",27413100,1294.66,11237100,530.7,522600,24.68,1292700,61.05,21174
metro,609,"Oil City, PA",27377800,1312.64,11410000,547.06,519200,24.89,1397900,67.02,20857
metro,610,"Platteville, WI",27319400,1375.25,11341300,570.92,491400,24.74,1301200,65.5,19865
metro,611,"Cornelia, GA",27266100,1475.44,11500000,622.29,507100,27.44,1279400,69.23,18480
metro,612,"Shelbyville, TN",27238300,1337.18,11530400,566.05,495400,24.32,1282500,62.96,20370
metro,613,"Clewiston, FL",27163800,1224.75,11227800,506.24,531000,23.94,1280800,57.75,22179
metro,614,"Seymour, IN",27062300,1433.46,11582900,613.53,522000,27.65,1324900,70.18,18879
metro,615,"Columbus, NE",26987200,1481.43,11422200,627.01,475000,26.07,1262100,69.28,18217
metro,616,"Bellefontaine, OH",26929900,1471.58,11447200,625.53,495000,27.05,1287200,70.34,18300
metro,617,"Sparta, WI",26853400,1434.94,11597000,619.7,482100,25.76,1233800,65.93,18714
metro,618,"Gainesville, TX",26847000,1546.22,11492800,661.91,475800,27.4,1212900,69.86,17363
metro,619,"Sidney, OH",26695000,1533.49,11467800,658.77,484200,27.81,1249700,71.79,17408
metro,620,"Columbus, MS",26664600,1017.19,11379800,434.11,385700,14.71,961000,36.66,26214
metro,621,"Orangeburg, SC",26652700,823.63,11338900,350.4,343200,10.61,853700,26.38,32360
metro,622,"Bemidji, MN",26587100,1424.74,11059200,592.64,467400,25.05,1199600,64.28,18661
metro,623,"Danville, KY",26554300,1283.93,11112100,537.28,516900,24.99,1301800,62.94,20682
metro,624,"Lake of the Woods, VA",26511700,1700.34,12139900,778.6,439500,28.19,1104300,70.82,15592
metro,625,"Burlington, IA-IL",26321700,1355.81,10835100,558.11,458100,23.6,1187200,61.15,19414
metro,626,"Kendallville, IN",26311600,1487.12,11288100,638.0,497200,28.1,1311900,74.15,17693
metro,627,"Port Townsend, WA",26124100,1522.65,10900900,635.36,419800,24.47,1164200,67.86,17157
metro,628,"Jasper, IN",26103200,1515.16,11093300,643.91,467900,27.16,1213400,70.43,17228
metro,629,"Gallup, NM",26101500,1192.72,10471400,478.5,534400,24.42,1268100,57.95,21884
metro,630,"Rexburg, ID",25681900,1403.46,11070900,605.0,518900,28.36,1243600,67.96,18299
metro,631,"Gaffney, SC",25644200,1166.12,10868800,494.24,458900,20.87,1158600,52.69,21991
metro,632,"Bedford, IN",25617400,1349.42,10584100,557.53,474000,24.97,1260800,66.41,18984
metro,633,"Waycross, GA",25567500,1143.6,10423500,466.23,454200,20.32,1147400,51.32,22357
metro,634,"Ardmore, OK",25549300,1343.64,10632800,559.18,472100,24.83,1164800,61.26,19015
metro,635,"Pine Bluff, AR",25532700,963.32,10906700,411.5,365200,13.78,927400,34.99,26505
metro,636,"Starkville, MS",25479000,1056.21,10467900,433.94,385300,15.97,853200,35.37,24123
metro,637,"Charleston-Mattoon, IL",25474500,1295.16,10515900,534.64,473000,24.05,1192100,60.61,19669
metro,638,"Moscow, ID",25466900,1452.76,10573700,603.18,453900,25.89,1073300,61.23,17530
metro,639,"Harrison, AR",25421200,1304.79,10564600,542.25,487300,25.01,1276100,65.5,19483
metro,640,"Duncan, OK",25302600,1396.39,10580500,583.91,471900,26.04,1202000,66.34,18120
metro,641,"Mountain Home, AR",25246800,1256.81,10120000,503.78,453500,22.58,1244200,61.94,20088
metro,642,"Hastings, NE",25226300,1450.45,10452300,600.98,449500,25.85,1168800,67.2,17392
metro,643,"Juneau, AK",25140000,2024.32,11258000,906.51,389900,31.4,870900,70.13,12419
metro,644,"Celina, OH",25099300,1479.56,10718400,631.83,466000,27.47,1244100,73.34,16964
metro,645,"Plymouth, IN",25053900,1431.16,10749000,614.02,470100,26.85,1232600,70.41,17506
metro,646,"Austin, MN",25022200,1483.59,10602600,628.64,428100,25.38,1052200,62.39,16866
metro,647,"Jacksonville, TX",25017700,1311.13,10347500,542.29,457600,23.98,1152400,60.4,19081
metro,648,"Bennington, VT",25017200,1567.4,10871400,681.12,430400,26.97,1121400,70.26,15961
metro,649,"Auburn, IN",24896000,1447.44,10717600,623.12,474600,27.59,1244200,72.34,17200
metro,650,"Coldwater, MI",24887000,1346.63,10397300,562.59,456600,24.71,1219100,65.97,18481
metro,651,"Sikeston, MO",24845900,1209.99,10190800,496.29,446400,21.74,1144000,55.71,20534
metro,652,"Rock Springs, WY",24793900,1606.45,10719400,694.53,448800,29.08,1117400,72.4,15434
metro,653,"Burley, ID",24758800,1420.88,10388900,596.21,499000,28.64,1256800,72.13,17425
metro,654,"Mount Pleasant, TX",24625400,1218.05,10202600,504.65,451700,22.34,1140800,56.43,20217
metro,655,"Blackfoot, ID",24594100,1499.09,10699100,652.15,477700,29.12,1233100,75.16,16406
metro,656,"Paragould, AR",24531900,1300.46,9965800,528.3,473300,25.09,1210700,64.18,18864
metro,657,"Dublin, GA",24479300,1086.38,10318800,457.94,408900,18.15,1016200,45.1,22533
metro,658,"Lawrenceburg, TN",24460700,1309.6,10342100,553.7,483600,25.89,1219800,65.31,18678
metro,659,"Laramie, WY",24377300,1399.23,10100000,579.73,431900,24.79,985200,56.55,17422
metro,660,"Marion, NC",24354500,1285.13,10340800,545.66,465400,24.56,1204100,63.54,18951
metro,661,"Galesburg, IL",24269100,1217.78,9730600,488.26,439600,22.06,1161500,58.28,19929
metro,662,"Wilmington, OH",24135800,1450.73,10437100,627.34,446800,26.86,1156400,69.51,16637
metro,663,"Lewistown, PA",24082200,1298.44,9919000,534.8,447000,24.1,1227000,66.16,18547
metro,664,"Mount Sterling, KY",24079400,1238.59,10005100,514.64,491600,25.29,1262600,64.95,19441
metro,665,"New Castle, IN",24070900,1317.94,10003700,547.73,447500,24.5,1193400,65.34,18264
metro,666,"Cortland, NY",24066800,1415.28,10008500,588.56,420100,24.7,1082300,63.65,17005
metro,667,"Petoskey, MI",24061700,1654.29,10357200,712.08,404300,27.8,1065400,73.25,14545
metro,668,"Roanoke Rapids, NC",24026700,903.29,10222500,384.32,322900,12.14,831200,31.25,26599
metro,669,"Hillsdale, MI",23968100,1349.78,9825900,553.35,440700,24.82,1192300,67.15,17757
metro,670,"Owatonna, MN",23927900,1603.42,10259000,687.46,425300,28.5,1081000,72.44,14923
metro,671,"Rolla, MO",23874500,1336.98,9843800,551.26,436000,24.42,1037900,58.12,17857
metro,672,"Tahlequah, OK",23842600,1244.78,9587000,500.52,473900,24.74,1185000,61.87,19154
metro,673,"Hutchinson, MN",23524600,1567.89,10040100,669.16,412900,27.52,1095400,73.01,15004
metro,674,"Winchester, TN",23469500,1360.0,10016600,580.44,429100,24.87,1112000,64.44,17257
metro,675,"Muscatine, IA",23368900,1423.02,9830200,598.6,428100,26.07,1109400,67.56,16422
metro,676,"Sedalia, MO",23330900,1344.1,9694500,558.5,445500,25.67,1143800,65.89,17358
metro,677,"Ozark, AL",23242800,1125.45,9618800,465.76,388000,18.79,988700,47.87,20652
metro,678,"Canon City, CO",23220300,1302.32,9784900,548.79,437500,24.54,1150300,64.51,17830
metro,679,"Washington, NC",23217100,1218.75,9868900,518.05,400300,21.01,1044200,54.81,19050
metro,680,"Huntingdon, PA",23164500,1405.02,9903900,600.71,429400,26.04,1142900,69.32,16487
metro,681,"Ponca City, OK",23083000,1299.13,9338800,525.6,421500,23.72,1071500,60.31,17768
metro,682,"Freeport, IL",23074100,1306.35,9593000,543.11,401300,22.72,1064600,60.27,17663
metro,683,"Los Alamos, NM",22862700,2587.45,10690700,1209.9,342400,38.75,729300,82.54,8836
metro,684,"Marshalltown, IA",22812800,1429.19,9785700,613.06,419500,26.28,1036900,64.96,15962
metro,685,"Pella, IA",22793300,1625.31,9838200,701.53,401600,28.64,1038200,74.03,14024
metro,686,"McMinnville, TN",22747100,1262.75,9100600,505.2,440000,24.43,1129400,62.7,18014
metro,687,"Weatherford, OK",22361900,1380.36,9309600,574.67,411600,25.41,1023400,63.17,16200
metro,688,"Detroit Lakes, MN",22341200,1496.3,9466300,634.0,396400,26.55,1036000,69.39,14931
metro,689,"Pontiac, IL",22328600,1463.88,9457100,620.02,403600,26.46,1045600,68.55,15253
metro,690,"Fremont, NE",22219600,1405.24,9090900,574.94,393200,24.87,1058700,66.96,15812
metro,691,"Madisonville, KY",22146900,1235.95,9100400,507.86,419300,23.4,1090600,60.86,17919
metro,692,"Vincennes, IN",22137800,1455.19,9316600,612.41,393400,25.86,1003900,65.99,15213
metro,693,"McAlester, OK",22136800,1287.02,9175500,533.46,424100,24.66,1086600,63.17,17200
metro,694,"Brevard, NC",22113300,1404.38,9156900,581.54,383600,24.36,1056300,67.08,15746
metro,695,"Bonham, TX",22070100,1550.3,9418000,661.56,395300,27.77,998400,70.13,14236
metro,696,"Sheridan, WY",22065800,1535.01,9521900,662.39,411400,28.62,1050700,73.09,14375
metro,697,"Escanaba, MI",22064700,1337.9,9285600,563.04,424500,25.74,1119200,67.86,16492
metro,698,"Warren, PA",21960300,1328.03,9173100,554.74,395900,23.94,1075900,65.06,16536
metro,699,"Crawfordsville, IN",21931800,1399.07,9240800,589.49,402900,25.7,1051300,67.06,15676
metro,700,"Selinsgrove, PA",21920500,1477.52,9146200,616.49,389300,26.24,1046600,70.54,14836
metro,701,"Tifton, GA",21911800,1136.39,9233200,478.85,358600,18.6,885900,45.94,19282
metro,702,"Fort Leonard Wood, MO",21863700,1323.23,9362800,566.65,404800,24.5,956800,57.91,16523
metro,703,"Urbana, OH",21861300,1441.37,9281100,611.93,399400,26.33,1075900,70.94,15167
metro,704,"Butte-Silver Bow, MT",21768500,1309.23,8905200,535.59,394800,23.74,1015300,61.06,16627
metro,705,"Bucyrus, OH",21673900,1239.15,8720800,498.59,407800,23.31,1082100,61.87,17491
metro,706,"Poplar Bluff, MO",21589700,1216.73,8717800,491.31,395800,22.31,1015200,57.21,17744
metro,707,"Cody, WY",21577700,1491.61,9221900,637.49,379500,26.23,1020200,70.52,14466
metro,708,"Taos, NM",21480900,1315.35,8718300,533.85,377800,23.13,1011700,61.95,16331
metro,709,"Hailey, ID",21449300,1675.33,9195100,718.2,362000,28.27,957400,74.78,12803
metro,710,"Kinston, NC",21384800,925.39,8683500,375.76,319800,13.84,832300,36.02,23109
metro,711,"Bradford, PA",21361100,1360.58,8937200,569.25,401300,25.56,1057900,67.38,15700
metro,712,"Lewisburg, TN",21288500,1393.96,9247000,605.49,386100,25.28,999600,65.45,15272
metro,713,"Sulphur Springs, TX",21270400,1418.4,9030100,602.17,385000,25.67,990500,66.05,14996
metro,714,"Hannibal, MO",21196900,1319.12,8880100,552.62,404000,25.14,1077800,67.07,16069
metro,715,"Defiance, OH",21189300,1395.41,8854400,583.1,396100,26.08,1049000,69.08,15185
metro,716,"Eagle Pass, TX",21185400,1243.42,8476600,497.51,469300,27.54,1114300,65.4,17038
metro,717,"Lock Haven, PA",21180700,1348.32,8783800,559.16,392300,24.97,1037000,66.01,15709
metro,718,"Riverton, WY",21128600,1365.07,8712700,562.91,386300,24.96,1032700,66.72,15478
metro,719,"Espanola, NM",21086300,1289.13,8663600,529.66,410500,25.1,1037700,63.44,16357
metro,720,"Lewisburg, PA",21027100,1536.84,8943800,653.69,371800,27.17,967900,70.74,13682
metro,721,"Nogales, AZ",21020400,1245.87,8784800,520.67,437600,25.94,1095300,64.92,16872
metro,722,"Douglas, GA",21019600,1168.79,8932200,496.67,377400,20.99,893700,49.69,17984
metro,723,"Ada, OK",20988500,1342.15,8716400,557.39,396200,25.34,995700,63.67,15638
metro,724,"Rio Grande City-Roma, TX",20842100,1102.99,8448900,447.13,498000,26.35,1112100,58.85,18896
metro,725,"West Plains, MO",20829800,1241.05,8438300,502.76,401900,23.95,1027300,61.21,16784
metro,726,"Angola, IN",20825400,1489.23,9033000,645.95,372300,26.62,992200,70.95,13984
metro,727,"Big Rapids, MI",20732700,1267.13,8724700,533.23,390300,23.85,1020600,62.38,16362
metro,728,"Murray, KY",20711100,1271.95,8467500,520.02,381800,23.45,935300,57.44,16283
metro,729,"Fredericksburg, TX",20629200,1608.51,8862800,691.06,351800,27.43,947000,73.84,12825
metro,730,"Brenham, TX",20620500,1431.78,9067300,629.59,321600,22.33,836200,58.06,14402
metro,731,"Jacksonville, IL",20574500,1391.2,8671300,586.33,355400,24.03,942700,63.74,14789
metro,732,"Fayetteville, TN",20456800,1366.7,8549500,571.19,378600,25.29,974700,65.12,14968
metro,733,"El Campo, TX",20451100,1297.99,8676600,550.69,373500,23.71,945300,60.0,15756
metro,734,"Alice, TX",20450200,1266.27,8546300,529.18,439300,27.2,1070400,66.28,16150
metro,735,"Greencastle, IN",20440200,1452.03,8839200,627.92,374900,26.63,968800,68.82,14077
metro,736,"Elizabeth City, NC",20400400,1166.07,8806500,503.37,318200,18.19,813700,46.51,17495
metro,737,"Scottsbluff, NE",20370600,1349.49,8295300,549.54,368800,24.43,955600,63.31,15095
metro,738,"Brookings, SD",20348400,1375.54,8376200,566.23,365100,24.68,901000,60.91,14793
metro,739,"Centralia, IL",20280200,1327.76,8357300,547.16,367400,24.05,961000,62.92,15274
metro,740,"DeRidder, LA",20273900,1419.14,8799000,615.92,371500,26.0,912000,63.84,14286
metro,741,"Fort Dodge, IA",20259100,1353.04,8382100,559.81,350200,23.39,914400,61.07,14973
metro,742,"Cedartown, GA",20205500,1248.1,8368600,516.93,378800,23.4,945200,58.39,16189
metro,743,"Pittsburg, KS",20183800,1262.12,8075400,504.96,365800,22.87,901200,56.35,15992
metro,744,"Alma, MI",20158400,1365.1,8355000,565.79,379600,25.71,998700,67.63,14767
metro,745,"Mount Vernon, IL",20116600,1347.3,8353400,559.47,363300,24.33,946200,63.37,14931
metro,746,"Houghton, MI",20112000,1348.62,8169600,547.82,360800,24.19,902700,60.53,14913
metro,747,"Palestine, TX",20101500,1252.82,8353900,520.65,372400,23.21,955200,59.53,16045
metro,748,"Cambridge, OH",20036000,1280.75,8216000,525.19,370300,23.67,967800,61.86,15644
metro,749,"North Platte, NE",19973600,1374.17,8139300,559.98,361300,24.86,956300,65.79,14535
metro,750,"Mayfield, KY",19932800,1351.65,8642300,586.04,383300,25.99,968300,65.66,14747
metro,751,"Moultrie, GA",19929600,1196.97,8203700,492.71,350500,21.05,856200,51.42,16650
metro,752,"Alexander City, AL",19912900,1192.67,8442900,505.68,328000,19.65,847700,50.77,16696
metro,753,"Spearfish, SD",19899500,1450.51,8245900,601.06,344900,25.14,916200,66.78,13719
metro,754,"Campbellsville, KY",19681200,1298.49,8357000,551.36,381600,25.18,978400,64.55,15157
metro,755,"Vineyard Haven, MA",19567300,1969.93,8445700,850.27,291200,29.32,759400,76.45,9933
metro,756,"Batesville, AR",19557500,1312.5,8053300,540.45,399200,26.79,998900,67.04,14901
metro,757,"Ottumwa, IA",19459600,1299.47,8016400,535.32,353800,23.63,890300,59.45,14975
metro,758,"Huntington, IN",19419400,1353.55,8030400,559.73,359900,25.09,969900,67.6,14347
metro,759,"Del Rio, TX",19398500,1231.73,7801900,495.39,403100,25.6,998700,63.41,15749
metro,760,"Garden City, KS",19338800,1458.21,8327000,627.88,354100,26.7,838300,63.21,13262
metro,761,"Newport, TN",19197400,1205.56,7901000,496.17,372400,23.39,963300,60.49,15924
metro,762,"Brownwood, TX",19191100,1303.74,7895400,536.37,351500,23.88,904000,61.41,14720
metro,763,"Iron Mountain, MI-WI",19177800,1384.78,8257300,596.24,358600,25.89,961100,69.4,13849
metro,764,"Morgan City, LA",19143200,1096.78,8290900,475.01,341000,19.54,828000,47.44,17454
metro,765,"Bogalusa, LA",19126800,1089.41,7911300,450.61,323300,18.41,800300,45.58,17557
metro,766,"Albert Lea, MN",19088200,1443.89,8014000,606.2,330400,24.99,851500,64.41,13220
metro,767,"Bay City, TX",19066100,1325.69,8181100,568.84,352300,24.5,852900,59.3,14382
metro,768,"Seneca Falls, NY",19052500,1414.23,7873800,584.46,327700,24.32,871700,64.7,13472
metro,769,"Coshocton, OH",19011500,1280.06,7913100,532.8,377400,25.41,965900,65.04,14852
metro,770,"Stephenville, TX",19005500,1400.55,8065900,594.39,348000,25.64,860700,63.43,13570
metro,771,"Logansport, IN",18967800,1299.52,7984600,547.04,359900,24.66,925800,63.43,14596
metro,772,"Dixon, IL",18949600,1465.21,7968900,616.17,329500,25.48,867600,67.08,12933
metro,773,"Fort Madison, IA",18923900,1304.65,7761300,535.08,334900,23.09,907100,62.54,14505
metro,774,"Ruston, LA",18874600,1006.7,7672000,409.2,304000,16.21,711300,37.94,18749
metro,775,"Washington, IN",18824800,1509.73,8084100,648.34,363200,29.13,914300,73.33,12469
metro,776,"Okeechobee, FL",18797900,1225.74,7807400,509.09,353300,23.04,897400,58.52,15336
metro,777,"Dyersburg, TN",18438000,1249.02,7568300,512.69,323600,21.92,825100,55.89,14762
metro,778,"Vicksburg, MS",18393400,1118.75,8137500,494.95,255200,15.52,635300,38.64,16441
metro,779,"Newberry, SC",18388700,1168.06,7771700,493.66,302700,19.23,790100,50.19,15743
metro,780,"Lebanon, MO",18345200,1228.17,7505600,502.48,358000,23.97,925100,61.93,14937
metro,781,"St. Marys, PA",18284200,1360.94,7617700,567.0,323500,24.08,899000,66.91,13435
metro,782,"Peru, IN",18210400,1321.7,7571500,549.54,340100,24.68,896500,65.07,13778
metro,783,"Emporia, KS",18139400,1286.76,7247700,514.13,327900,23.26,831000,58.95,14097
metro,784,"Sault Ste. Marie, MI",18122000,1307.31,7506900,541.55,333500,24.06,885200,63.86,13862
metro,785,"Vernal, UT",18111200,1501.63,7697800,638.24,361500,29.97,903500,74.91,12061
metro,786,"Safford, AZ",17994700,1366.65,7508700,570.27,347200,26.37,885900,67.28,13167
metro,787,"Decatur, IN",17955400,1372.53,7632100,583.4,351200,26.85,934300,71.42,13082
metro,788,"McPherson, KS",17932900,1450.53,7676400,620.92,342800,27.73,888000,71.83,12363
metro,789,"Le Mars, IA",17928800,1659.77,7695800,712.44,307700,28.49,798500,73.92,10802
metro,790,"Watertown, SD",17870800,1389.75,7374900,573.52,317300,24.68,839000,65.25,12859
metro,791,"Natchez, MS-LA",17856900,852.11,7419000,354.03,230400,10.99,582400,27.79,20956
metro,792,"Paris, TN",17837400,1243.2,7474000,520.91,329800,22.99,855700,59.64,14348
metro,793,"McComb, MS",17804400,901.76,7404400,375.02,262700,13.31,638300,32.33,19744
metro,794,"Rockingham, NC",17717900,1011.47,7303300,416.93,303500,17.33,751300,42.89,17517
metro,795,"El Dorado, AR",17688600,1159.68,7632000,500.36,292100,19.15,719900,47.2,15253
metro,796,"Big Spring, TX",17642100,1471.28,7436800,620.2,314900,26.26,761300,63.49,11991
metro,797,"Canton, IL",17584700,1356.63,7355800,567.49,329500,25.42,859200,66.29,12962
metro,798,"Ludington, MI",17508600,1393.55,7390800,588.25,317900,25.3,863600,68.74,12564
metro,799,"Mineral Wells, TX",17418100,1473.36,7462700,631.26,311400,26.34,804800,68.08,11822
metro,800,"Madison, IN",17321900,1327.76,7165800,549.27,308000,23.61,808200,61.95,13046
metro,801,"Taylorville, IL",17314000,1306.52,6946700,524.2,312200,23.56,827700,62.46,13252
metro,802,"Cambridge, MD",17183100,1221.95,7312500,520.02,259200,18.43,672100,47.8,14062
metro,803,"Wabash, IN",17180200,1407.18,7274200,595.81,326800,26.77,876800,71.82,12209
metro,804,"Arkansas City-Winfield, KS",17011900,1292.5,6979500,530.28,311900,23.7,813000,61.77,13162
metro,805,"Blytheville, AR",16640800,1156.49,7063900,490.92,257900,17.92,616800,42.87,14389
metro,806,"Martin, TN",16596700,1195.04,6837900,492.36,315800,22.74,797000,57.39,13888
metro,807,"Hays, KS",16473500,1352.84,6764800,555.54,301700,24.78,749300,61.53,12177
metro,808,"Crescent City, CA",16426500,1407.22,7159600,613.35,320900,27.49,780800,66.89,11673
metro,809,"Washington Court House, OH",16398800,1407.26,6887400,591.04,298500,25.62,755400,64.82,11653
metro,810,"Fort Morgan, CO",16219100,1394.95,6745600,580.17,305600,26.28,793000,68.2,11627
metro,811,"Fallon, NV",16154000,1522.24,6825600,643.2,274900,25.9,691400,65.15,10612
metro,812,"Mitchell, SD",16153000,1405.46,6778100,589.76,291500,25.36,753400,65.55,11493
metro,813,"Vidalia, GA",16112400,1167.99,6699200,485.63,275700,19.99,694600,50.35,13795
metro,814,"Hood River, OR",16098400,1763.24,6917300,757.65,262500,28.75,653000,71.52,9130
metro,815,"Greensburg, IN",16065800,1535.19,6991000,668.04,291600,27.86,757500,72.38,10465
metro,816,"Gallipolis, OH",16053300,1371.02,6915600,590.62,316400,27.02,793700,67.79,11709
metro,817,"Van Wert, OH",16007100,1345.93,6624100,556.97,294200,24.74,801500,67.39,11893
metro,818,"Brookings, OR",15969500,1432.76,6793300,609.48,282300,25.33,765600,68.69,11146
metro,819,"New Ulm, MN",15808000,1417.38,6710800,601.7,287600,25.79,780600,69.99,11153
metro,820,"Frankfort, IN",15750300,1310.78,6428300,534.98,294600,24.52,781000,65.0,12016
metro,821,"Alpena, MI",15707200,1216.58,6327600,490.09,285900,22.14,766600,59.38,12911
metro,822,"The Dalles, OR",15699600,1415.91,6470600,583.57,268900,24.25,703400,63.44,11088
metro,823,"Marshall, MN",15699200,1479.94,6642700,626.2,283000,26.68,694400,65.46,10608
metro,824,"Lincoln, IL",15568500,1415.19,6336400,575.98,268300,24.39,711600,64.69,11001
metro,825,"Russellville, AL",15558500,1235.0,6584200,522.64,314000,24.92,782000,62.07,12598
metro,826,"La Grande, OR",15480600,1405.54,6558800,595.5,282600,25.66,720600,65.43,11014
metro,827,"Corinth, MS",15462300,1183.85,6503200,497.91,301900,23.11,749600,57.39,13061
metro,828,"Plainview, TX",15325300,1260.51,6216100,511.28,293400,24.13,742500,61.07,12158
metro,829,"Brookhaven, MS",15191600,1118.1,6473800,476.47,269400,19.83,662500,48.76,13587
metro,830,"Henderson, NC",15090200,902.36,6365400,380.64,200700,12.0,520400,31.12,16723
metro,831,"Union City, TN",15044000,1191.98,6003600,475.68,277700,22.0,728100,57.69,12621
metro,832,"Nantucket, MA",14985500,2358.06,6815100,1072.4,219800,34.59,508200,79.97,6355
metro,833,"Kirksville, MO",14932200,1259.46,6102900,514.75,281100,23.71,683800,57.68,11856
metro,834,"Mountain Home, ID",14914300,1307.58,6201700,543.72,273000,23.93,662300,58.07,11406
metro,835,"Ottawa, KS",14873000,1420.4,6495700,620.35,293100,27.99,753000,71.91,10471
metro,836,"Las Vegas, NM",14856100,1135.27,6071500,463.97,296800,22.68,763100,58.31,13086
metro,837,"Dodge City, KS",14609000,1436.9,6145700,604.48,266400,26.2,666500,65.56,10167
metro,838,"Wahpeton, ND-MN",14591500,1515.06,6180900,641.77,253200,26.29,649500,67.44,9631
metro,839,"Malvern, AR",14529100,1215.62,6390800,534.71,291400,24.38,730300,61.1,11952
metro,840,"Minden, LA",14485900,997.58,6048600,416.54,250600,17.26,621900,42.83,14521
metro,841,"Silver City, NM",14446700,1180.58,5998500,490.19,281100,22.97,738000,60.31,12237
metro,842,"Natchitoches, LA",14398500,995.27,6003900,415.01,236500,16.35,572000,39.54,14467
metro,843,"Jesup, GA",14389200,1194.72,6124800,508.54,267700,22.23,662800,55.03,12044
metro,844,"Monticello, IN",14387300,1411.77,6045000,593.17,260300,25.54,700300,68.72,10191
metro,845,"Elkins, WV",14311600,1280.57,5852200,523.64,277300,24.81,727100,65.06,11176
metro,846,"Yankton, SD",14289800,1409.53,6022000,594.0,238500,23.53,635600,62.69,10138
metro,847,"Pierre, SD",14264600,1539.12,6037300,651.41,245600,26.5,636000,68.62,9268
metro,848,"Lexington, NE",14237200,1422.16,5982100,597.55,265400,26.51,694800,69.4,10011
metro,849,"Arcadia, FL",14194400,1117.05,5622000,442.43,264500,20.82,704500,55.44,12707
metro,850,"Miami, OK",14084800,1180.62,5581200,467.83,277500,23.26,696600,58.39,11930
metro,851,"Milledgeville, GA",13994300,1039.08,5986800,444.52,194500,14.44,479900,35.63,13468
metro,852,"Kingsville, TX",13861000,1260.43,5612100,510.33,252300,22.94,589500,53.61,10997
metro,853,"Macomb, IL",13826500,1213.92,5429400,476.68,235800,20.7,596100,52.34,11390
metro,854,"Jamestown, ND",13785800,1419.17,5885300,605.86,248400,25.57,620500,63.88,9714
metro,855,"Great Bend, KS",13707200,1330.54,5761100,559.22,256700,24.92,664600,64.51,10302
metro,856,"Thomaston, GA",13552700,1184.16,5876300,513.44,233400,20.39,577700,50.48,11445
metro,857,"Toccoa, GA",13301700,1221.24,5506500,505.55,235400,21.61,630200,57.86,10892
metro,858,"Huron, SD",13298800,1524.92,5820000,667.35,241800,27.73,536700,61.54,8721
metro,859,"Evanston, WY-UT",13288200,1513.46,5735500,653.25,250800,28.56,658600,75.01,8780
metro,860,"Troy, AL",13271100,985.53,5515400,409.58,202600,15.05,478200,35.51,13466
metro,861,"Susanville, CA",13234600,1399.75,5484800,580.1,239000,25.28,609000,64.41,9455
metro,862,"Beatrice, NE",13166700,1395.52,5600900,593.63,238600,25.29,630000,66.77,9435
metro,863,"Altus, OK",13037700,1360.08,5474000,571.04,232300,24.23,578400,60.34,9586
metro,864,"Alamosa, CO",13013000,1269.81,5336200,520.71,255100,24.89,626500,61.13,10248
metro,865,"Kennett, MO",12951500,1191.16,5230400,481.04,230500,21.2,580700,53.41,10873
metro,866,"Carroll, IA",12774600,1433.9,5398100,605.92,231900,26.03,615700,69.11,8909
metro,867,"Storm Lake, IA",12729400,1562.66,5425700,666.06,220800,27.11,499500,61.32,8146
metro,868,"Spirit Lake, IA",12721700,1545.96,5213900,633.6,206000,25.03,568000,69.02,8229
metro,869,"Andrews, TX",12714500,1778.25,5582000,780.7,227100,31.76,539400,75.44,7150
metro,870,"Grenada, MS",12556900,1006.73,5334300,427.67,185200,14.85,460500,36.92,12473
metro,871,"Ruidoso, NM",12469200,1316.98,5074400,535.95,218400,23.07,565300,59.71,9468
metro,872,"Mexico, MO",12365600,1311.58,5184100,549.86,235400,24.97,591700,62.76,9428
metro,873,"Fairmont, MN",12355800,1411.61,5119700,584.91,220500,25.19,584800,66.81,8753
metro,874,"Americus, GA",12339500,962.9,5230000,408.12,184100,14.37,444500,34.69,12815
metro,875,"Bishop, CA",12227800,1463.88,5070300,607.0,214800,25.72,555700,66.53,8353
metro,876,"Oskaloosa, IA",12217300,1382.67,5092700,576.36,222700,25.2,590600,66.84,8836
metro,877,"Greenwood, MS",11978100,862.54,5037500,362.75,147000,10.59,361300,26.02,13887
metro,878,"Marshall, MO",11916400,1310.07,4945800,543.73,223200,24.54,578900,63.64,9096
metro,879,"Summerville, GA",11831900,1115.06,4757800,448.38,233900,22.04,592500,55.84,10611
metro,880,"Uvalde, TX",11726600,1329.09,4735900,536.77,232500,26.35,570500,64.66,8823
metro,881,"Woodward, OK",11666100,1456.08,4826600,602.42,221300,27.62,567300,70.81,8012
metro,882,"Camden, AR",11634600,1029.7,4908200,434.39,198500,17.57,516200,45.69,11299
metro,883,"Worthington, MN",11575400,1404.95,4847000,588.3,200900,24.38,503000,61.05,8239
metro,884,"Connersville, IN",11550000,1227.03,4575900,486.13,219300,23.3,588400,62.51,9413
metro,885,"Greenville, MS",11402600,780.57,4764400,326.15,123400,8.45,305900,20.94,14608
metro,886,"Moberly, MO",11245700,1184.88,4589500,483.56,214900,22.64,553400,58.31,9491
metro,887,"Borger, TX",11214600,1410.64,4742400,596.53,209200,26.31,544800,68.53,7950
metro,888,"Port Lavaca, TX",11041800,1518.19,4717400,648.62,193400,26.59,470200,64.65,7273
metro,889,"Bainbridge, GA",10977700,981.55,4596200,410.96,168300,15.05,428500,38.31,11184
metro,890,"Winnemucca, NV",10899400,1563.76,4743300,680.53,211200,30.3,504700,72.41,6970
metro,891,"Laurinburg, NC",10856500,951.32,4355600,381.67,169000,14.81,418600,36.68,11412
metro,892,"Elk City, OK",10767200,1269.42,4425500,521.75,204000,24.05,497100,58.61,8482
metro,893,"Pampa, TX",10751900,1390.21,4460900,576.79,207000,26.76,514800,66.56,7734
metro,894,"Middlesborough, KY",10678900,1095.95,4384400,449.96,226300,23.22,552200,56.67,9744
metro,895,"Deming, NM",10627300,1064.43,4100800,410.74,224400,22.48,534300,53.52,9984
metro,896,"Maryville, MO",10414600,1284.96,4254800,524.96,196500,24.24,493100,60.84,8105
metro,897,"Price, UT",10317900,1279.5,4225200,523.96,205300,25.46,534100,66.23,8064
metro,898,"Franklin, KY",10276400,1255.36,4501400,549.89,198100,24.2,493300,60.26,8186
metro,899,"Beeville, TX",10023800,1335.79,4161300,554.54,202300,26.96,479300,63.87,7504
metro,900,"Selma, AL",10005400,747.68,4246300,317.31,110400,8.25,287100,21.45,13382
metro,901,"Sterling, CO",9923500,1270.13,4157900,532.18,191500,24.51,490500,62.78,7813
metro,902,"Baker City, OR",9888000,1280.83,4007300,519.08,177500,22.99,479300,62.09,7720
metro,903,"Ketchikan, AK",9835900,1818.1,4375900,808.85,157600,29.13,362100,66.93,5410
metro,904,"Spencer, IA",9809700,1323.85,3922400,529.34,174900,23.6,463800,62.59,7410
metro,905,"Dumas, TX",9652000,1359.63,3895200,548.7,187300,26.38,448400,63.16,7099
metro,906,"Cleveland, MS",9503300,881.73,4075500,378.13,112000,10.39,274300,25.45,10778
metro,907,"Guymon, OK",9292200,1259.11,3762500,509.82,189400,25.66,467300,63.32,7380
metro,908,"Othello, WA",9270500,1438.63,3923900,608.92,181600,28.18,452000,70.14,6444
metro,909,"Eufaula, AL-GA",9088400,946.22,3761700,391.64,134300,13.98,339200,35.31,9605
metro,910,"Liberal, KS",8856700,1299.78,3640700,534.3,163900,24.05,399800,58.67,6814
metro,911,"Arkadelphia, AR",8748600,1092.21,3674200,458.7,152000,18.98,391200,48.84,8010
metro,912,"Snyder, TX",8179700,1336.99,3512700,574.16,158800,25.96,386100,63.11,6118
metro,913,"Cordele, GA",8116800,1047.73,3409300,440.08,118400,15.28,301000,38.85,7747
metro,914,"Hereford, TX",8047100,1306.35,3434200,557.5,167800,27.24,412100,66.9,6160
metro,915,"Magnolia, AR",8011600,1105.35,3378500,466.13,125000,17.25,314900,43.45,7248
metro,916,"Vermillion, SD",7881600,1389.07,3228300,568.96,132800,23.41,307800,54.25,5674
metro,917,"Atchison, KS",7529000,1287.45,3240000,554.04,144300,24.68,370000,63.27,5848
metro,918,"Sweetwater, TX",7234700,1264.81,2916500,509.88,129500,22.64,325900,56.98,5720
metro,919,"Town of Pecos, TX",6379700,1253.87,2629700,516.84,129900,25.53,318500,62.6,5088
metro,920,"Raymondville, TX",6220800,1212.63,2564900,499.98,134000,26.12,339900,66.26,5130
metro,921,"Fitzgerald, GA",6197500,952.73,2627000,403.84,100200,15.4,244600,37.6,6505
metro,922,"Vernon, TX",5934200,1238.61,2409600,502.94,106800,22.29,261300,54.54,4791
metro,923,"Forrest City, AR",5620000,810.73,2359800,340.42,73400,10.59,185700,26.79,6932
metro,924,"Clarksdale, MS",5131100,730.72,2177400,310.08,50000,7.12,122700,17.47,7022
metro,925,"Zapata, TX",4777800,1162.48,1887300,459.2,100300,24.4,230900,56.18,4110
