cbsa_code,metro,hh25,hh30,pop25,pop30,adults25,heart25,heart30,cancer25,cancer30,hearing25,hearing30,vision25,vision30
35620,New York-Newark-Jersey City NY-NJ,7379072,7819043,19877592,20829045,15720185,1924776,2068912,1499024,1625082,2622635,2813639,1988302,2092322
31080,Los Angeles-Long Beach-Anaheim CA,4238112,4308614,12912297,13246595,10242444,1224180,1283963,936260,991111,1683696,1763469,1304303,1339258
16980,Chicago-Naperville-Elgin IL-IN,3467036,3550975,9401129,9703888,7314789,884022,933509,683743,728542,1207452,1272943,927650,958541
19100,Dallas-Fort Worth-Arlington TX,3056001,3295336,8376960,8968783,6322020,726513,792988,548013,603098,998094,1087855,793474,849848
26420,Houston-Pasadena-The Woodlands TX,2747210,2978847,7811845,8445816,5868150,683544,755796,514749,574211,934952,1032593,749041,812201
47900,Washington-Arlington-Alexandria DC-VA-MD-WV,2445874,2615869,6438166,6776438,4980320,574159,616763,441187,477730,784526,841099,604023,636908
12060,Atlanta-Sandy Springs-Roswell GA,2403483,2522218,6436615,6700922,4937807,573996,611268,433769,465990,774025,822941,622545,650389
33100,Miami-Fort Lauderdale-West Palm Beach FL,2444906,2688156,6408939,7020069,5186791,673079,754256,530086,599501,910361,1019256,685899,751250
37980,Philadelphia-Camden-Wilmington PA-NJ-DE-MD,2433637,2508609,6338589,6512548,5002788,612620,645508,478172,508235,832083,874936,632078,651935
38060,Phoenix-Mesa-Chandler AZ,1903858,1989782,5211449,5441882,4048296,495043,528172,385680,414704,680504,725114,512674,536181
14460,Boston-Cambridge-Newton MA-NH,1976919,2091298,5020614,5245203,4049405,488749,521988,384675,413912,674515,718942,498918,522565
40140,Riverside-San Bernardino-Ontario CA,1464788,1502613,4763433,4897176,3596268,429344,449678,327604,346062,592317,619852,461425,473666
41860,San Francisco-Oakland-Fremont CA,1785224,1891375,4636617,4784096,3737881,439287,467757,341083,366114,602353,639778,449203,468755
19820,Detroit-Warren-Dearborn MI,1756538,1803844,4404387,4507714,3453258,429554,451671,335863,356410,581259,610095,444491,457094
42660,Seattle-Tacoma-Bellevue WA,1694065,1830219,4148033,4373811,3280904,376367,404822,288760,312842,520105,558009,395611,417719
33460,Minneapolis-St. Paul-Bloomington MN-WI,1491507,1565042,3770246,3898608,2896751,346824,365196,271312,287994,478757,503123,357604,369052
45300,Tampa-St. Petersburg-Clearwater FL,1435229,1524387,3440497,3618046,2776508,361262,387765,286657,310111,490316,525420,364078,382398
41740,San Diego-Chula Vista-Carlsbad CA,1169294,1207808,3302610,3388077,2610947,307320,321861,236163,249485,425001,444547,323886,332480
19740,Denver-Aurora-Centennial CO,1243858,1312857,3062118,3172944,2401836,278631,295207,215506,230173,387736,410188,293563,305068
36740,Orlando-Kissimmee-Sanford FL,1131599,1267855,2941480,3226982,2328842,287645,319014,221123,247344,391935,434263,304911,331333
16740,Charlotte-Concord-Gastonia NC-SC,1125321,1196876,2900747,3073376,2238189,267897,289308,205408,223718,364365,392779,285858,302462
12580,Baltimore-Columbia-Towson MD,1109588,1128579,2863312,2899039,2239294,268647,279821,208696,219259,362919,377188,278213,283907
41180,St. Louis MO-IL,1135861,1150821,2821002,2850442,2207811,275136,285259,216523,226630,374278,387319,281581,285189
41700,San Antonio-New Braunfels TX,1023428,1084290,2781539,2911255,2124504,252989,272343,193314,210166,348672,374895,273018,287497
12420,Austin-Round Rock-San Marcos TX,988742,1072253,2563482,2756785,2007202,227462,248083,171537,188659,315959,344053,248226,265637
38900,Portland-Vancouver-Hillsboro OR-WA,1013914,1055757,2543035,2607731,2017484,241120,252555,188392,198893,333782,349012,249634,256299
40900,Sacramento-Roseville-Folsom CA,916226,963597,2468686,2560445,1925120,232767,246205,180498,192408,319176,336988,241822,250812
38300,Pittsburgh PA,1056253,1068586,2436917,2446919,1977166,258304,265567,207138,214897,351970,361081,256515,257450
29820,Las Vegas-Henderson-North Las Vegas NV,886744,929699,2407922,2529206,1873749,226087,242046,172016,185633,307848,329019,243407,255516
17140,Cincinnati OH-KY-IN,901891,926178,2310025,2373702,1778919,218131,230728,170834,182345,298456,315034,225730,233424
28140,Kansas City MO-KS,901710,937021,2262195,2336307,1726672,210969,222903,164823,175696,289089,304936,218646,226076
18140,Columbus OH,894943,941708,2230864,2320151,1721154,202351,216220,155086,167174,277018,295464,215686,225852
26900,Indianapolis-Carmel-Greenwood IN,848561,878941,2182215,2262157,1656768,199144,211833,153731,165043,272372,289177,210210,218688
17410,Cleveland OH,904717,910089,2177670,2196944,1727026,221647,230086,175320,183716,299586,310402,225267,228359
34980,Nashville-Davidson--Murfreesboro--Franklin TN,849508,900758,2162787,2270682,1674708,198475,212335,152557,164697,272579,291119,211226,221258
41940,San Jose-Sunnyvale-Santa Clara CA,681830,744604,1987849,2148667,1571313,181876,198536,138920,152934,250811,273036,188900,202084
47260,Virginia Beach-Chesapeake-Norfolk VA-NC,682768,685917,1800914,1826382,1412089,169467,176218,129837,136332,228058,236711,179108,182206
27260,Jacksonville FL,709651,761199,1773345,1872501,1388810,171994,185940,134167,146411,233169,251597,178471,188641
39300,Providence-Warwick RI-MA,680834,700974,1704076,1746948,1371906,173029,181335,137313,145113,237992,248911,175570,179909
33340,Milwaukee-Waukesha WI,645264,662698,1579010,1619046,1225837,151983,158797,118582,125030,207207,216132,157766,161156
39580,Raleigh-Cary NC,610246,667400,1571544,1698280,1206400,142256,154605,108779,119145,194993,211462,152380,162541
36420,Oklahoma City OK,602568,631428,1506397,1550960,1142225,135930,143529,103751,110597,185894,196064,145488,150281
31140,Louisville/Jefferson County KY-IN,562849,582659,1395988,1440530,1088089,134669,143070,105476,113088,183791,194886,139662,145080
40060,Richmond VA,542775,564186,1377610,1422673,1089533,131832,139120,101844,108445,177993,187479,138259,142845
32820,Memphis TN-MS-AR,503370,505358,1342684,1360102,1017006,122099,127005,91839,96510,161608,167829,133329,135749
41620,Salt Lake City-Murray UT,414775,432672,1298995,1375636,965552,109678,118193,83390,90681,153103,164786,118019,124623
13820,Birmingham AL,470803,483190,1197947,1225551,930302,116367,121649,90197,95273,156428,163219,121942,124448
23420,Fresno CA,368609,378755,1192626,1227949,871444,104427,109543,78589,83194,143574,150511,114740,117910
24340,Grand Rapids-Wyoming-Kentwood MI,443858,468678,1183297,1236843,911271,111935,118267,87165,92981,154201,162629,116564,120363
15380,Buffalo-Cheektowaga NY,496657,504521,1163399,1171578,932739,119107,123394,94152,98460,161693,167162,120993,122367
25540,Hartford-West Hartford-East Hartford CT,475271,568855,1131829,1329693,905994,129071,136086,102358,108835,176932,186233,130526,134670
46060,Tucson AZ,434588,454527,1085803,1135607,872494,116108,122322,92037,97757,157899,166175,116658,120245
14860,Bridgeport-Stamford-Danbury CT,330866,328000,1071094,1123846,832433,103036,110484,81851,88445,141994,151941,104377,109641
46140,Tulsa OK,424610,439848,1065665,1091762,803857,96728,101971,74333,79067,132021,139026,102669,105921
40380,Rochester NY,429514,434869,1060156,1074109,844181,107705,111377,85189,88903,146797,151540,109580,110724
36540,Omaha NE-IA,395039,414238,1004596,1044513,752888,90431,96246,70206,75383,124650,132436,94700,98609
24860,Greenville-Anderson-Greer SC,400198,427747,1004286,1066240,785210,100113,106710,77978,83945,135931,144644,104438,108751
46520,Urban Honolulu HI,329972,339167,997086,1021380,796599,97780,103471,75715,80895,131555,138848,97239,100671
28940,Knoxville TN,398970,409355,966168,983183,770859,98194,103193,77895,82665,134308,140899,99859,102393
35380,New Orleans-Metairie LA,388507,394584,963683,974305,758352,94038,97514,71629,75112,124891,129374,101094,102351
35840,North Port-Bradenton-Sarasota FL,425011,450366,944614,987760,797451,120913,129111,102299,109973,162424,173073,106297,110746
10740,Albuquerque NM,366833,371870,930507,944934,737428,93148,96983,72829,76531,127382,132449,96830,98534
12540,Bakersfield-Delano CA,291543,299447,924404,943243,675141,80042,83493,59979,63147,110466,115176,88822,90714
32580,McAllen-Edinburg-Mission TX,254047,261861,918080,965175,660116,80781,87522,60616,66365,111057,120217,90342,95636
10580,Albany-Schenectady-Troy NY,376124,380146,916498,927660,738383,91310,95059,72175,75751,125111,129949,92585,94323
10900,Allentown-Bethlehem-Easton PA-NJ,341474,354831,889301,923365,706848,91087,95755,72658,77005,125118,131337,91517,94138
12940,Baton Rouge LA,332651,336783,884650,894936,685239,81060,85193,61398,65198,108533,113869,87598,90039
49340,Worcester MA,337813,351489,882374,915582,698145,85655,90740,67596,72172,118387,125180,87997,91291
21340,El Paso TX,285589,290694,880385,907811,661689,80742,85500,60858,65166,110946,117334,89344,92299
16700,Charleston-North Charleston SC,355104,377428,877720,922813,691830,83680,90132,64739,70393,113524,122055,87942,92689
17900,Columbia SC,345726,354464,876794,900604,689527,83437,87976,63540,67658,111708,117574,89706,92550
15980,Cape Coral-Fort Myers FL,370607,397363,866623,916727,720396,104754,113422,87008,94901,140984,152352,95996,101389
29460,Lakeland-Winter Haven FL,329929,365883,863289,948175,679004,90355,99499,71057,78908,121974,134123,92285,99408
14260,Boise City ID,318428,337507,852384,892553,649897,80091,85892,63038,68277,110875,118683,82239,86064
37100,Oxnard-Thousand Oaks-Ventura CA,270385,275155,836208,854355,654553,80801,83810,63938,66850,112270,116297,82292,83612
19430,Dayton-Kettering-Beavercreek OH,344840,354683,825195,846295,645989,83286,86770,65638,69054,112830,117330,84903,86348
44700,Stockton-Lodi CA,259267,273464,818698,855879,609675,71879,76801,54391,58627,98659,105277,77389,81025
24660,Greensboro-High Point NC,322173,339939,804402,843394,633055,80617,84765,62075,65883,108119,113531,85359,87844
17820,Colorado Springs CO,308252,326194,780431,803684,599024,70606,74095,54424,57652,97787,102457,74619,76616
30780,Little Rock-North Little Rock-Conway AR,309501,310218,773738,781564,596753,71978,75255,55109,58183,97167,101424,76982,78701
39340,Provo-Orem-Lehi UT,201646,213897,763933,823420,524235,55553,62018,40838,46091,78054,87057,62087,67867
19780,Des Moines-West Des Moines IA,303276,321287,757723,794355,572454,68552,73423,53324,57592,94725,101298,71473,75001
19660,Deltona-Daytona Beach-Ormond Beach FL,315468,315005,748301,739600,620086,82910,88336,67872,72972,111830,118906,78957,81907
28880,Kiryas Joel-Poughkeepsie-Newburgh NY,253817,264061,713468,737729,556181,69424,72879,54867,58076,95463,99994,70722,72624
31540,Madison WI,298891,315568,710303,745729,566651,67908,72103,52615,56357,93839,99478,71105,73978
49180,Winston-Salem NC,285665,290464,710164,724683,557866,71286,74912,55939,59329,96386,101131,73659,75648
10420,Akron OH,287788,282935,705602,699436,564060,70143,72750,55333,57930,95420,98782,71727,72666
36260,Ogden UT,212054,221187,670582,695663,477205,54818,58479,42178,45445,76637,81621,58019,60484
37340,Palm Bay-Melbourne-Titusville FL,288948,304439,665190,690535,545564,75135,79756,61349,65663,101700,107702,71837,74410
48620,Wichita KS,257679,267641,664064,684935,499299,62123,65596,48364,51579,85014,89635,64666,66636
45060,Syracuse NY,264899,272090,656805,669527,520476,66355,68696,52305,54671,90631,93643,67964,68684
12260,Augusta-Richmond County GA-SC,247342,251520,640590,650818,498543,61208,64220,46975,49776,81599,85454,64931,66585
20500,Durham-Chapel Hill NC,248427,248736,623061,629666,499286,57599,62186,44098,48075,77792,83862,61132,64524
25420,Harrisburg-Carlisle PA,257159,268193,617806,634705,488401,61541,64847,48786,51866,84125,88485,62091,63955
22220,Fayetteville-Springdale-Rogers AR,232011,247938,610272,643112,465253,54600,58930,41562,45267,75458,81321,58704,62011
44060,Spokane-Spokane Valley WA,251951,263223,608203,619507,478300,59910,62356,47199,49567,82334,85544,61419,62502
27140,Jackson MS,225284,221619,607285,605081,467684,57534,58763,43594,45043,75910,77435,62034,61835
45780,Toledo OH,242411,241496,603493,606845,472154,58914,60832,45852,47808,80009,82473,61681,62227
16860,Chattanooga TN-GA,244539,249817,592160,595790,467830,59210,62130,46850,49656,80464,84306,60145,61571
39900,Reno NV,225685,233327,578073,596505,457124,56655,59720,44646,47455,78098,82191,57979,59790
42540,Scranton--Wilkes-Barre PA,237450,242839,576138,585403,461381,60754,63151,48509,50867,82909,86038,61057,61962
38860,Portland-South Portland ME,243207,250060,574081,586375,468994,60923,63661,49516,52182,83912,87508,59426,60650
29540,Lancaster PA,215257,224350,564947,579158,436241,56586,59641,45496,48393,77578,81593,55475,57030
38940,Port St. Lucie FL,231346,243316,563165,588152,460798,64450,69956,52859,57800,86374,93548,60381,64014
33700,Modesto CA,181264,189572,557793,576787,413944,49925,52367,38075,40289,69103,72427,53838,55319
35300,New Haven CT,230202,191777,556461,454103,445546,43766,46086,34269,36418,59666,62745,45148,46499
26620,Huntsville AL,224041,239927,548030,577385,429521,52213,56300,40471,44041,70868,76240,54683,57693
37860,Pensacola-Ferry Pass-Brent FL,208393,216057,543528,563926,430966,53653,57098,41909,45050,72950,77507,55533,57705
30460,Lexington-Fayette KY,221196,235782,533875,560441,418621,50356,54106,38670,41942,68912,73887,53675,56378
28660,Killeen-Temple TX,187275,198760,512006,537043,379176,43912,46970,32364,34972,59576,63649,49267,51618
44180,Springfield MO,207339,217645,500460,518594,389087,49945,52559,39085,41572,68285,71738,51691,52984
48900,Wilmington NC,209583,217838,486932,505097,403478,53787,57548,43825,47343,73097,78083,52312,54552
42220,Santa Rosa-Petaluma CA,193141,198932,486820,493610,390728,50099,51699,40537,42130,69181,71290,49058,49613
47300,Visalia CA,143381,146047,484673,495449,341566,40109,42083,29985,31743,55614,58354,44833,46109
29620,Lansing-East Lansing MI,193151,201087,482322,501325,386507,47221,49630,36381,38606,64625,67839,49953,51368
49620,York-Hanover PA,185202,197897,473744,502711,370875,49241,51941,39555,42112,67665,71232,48946,50373
44140,Springfield MA,181818,184289,465226,473093,368436,46595,48445,36472,38247,63725,66164,48524,49369
23060,Fort Wayne IN,182459,188004,465095,478727,350838,43306,45704,33649,35853,59219,62394,45280,46690
47930,Waterbury-Shelton CT,186439,188205,464436,459589,370761,45645,48050,36383,38603,62396,65541,45887,47294
46700,Vallejo CA,164273,172395,456266,467928,356408,42823,45028,33266,35297,58527,61465,44204,45491
18580,Corpus Christi TX,169936,174764,452043,461543,350236,44302,46420,34536,36545,60772,63575,46488,47553
42200,Santa Maria-Santa Barbara CA,148667,153200,445218,456629,347882,42087,44066,32667,34502,58229,60911,43648,44760
41420,Salem OR,165792,175119,444408,459146,340696,42433,44360,33178,34970,58515,61104,43975,45026
39740,Reading PA,167143,173111,440301,451592,344270,43403,45682,34376,36501,59763,62836,44330,45630
36100,Ocala FL,184037,189100,435128,446744,357047,50081,54409,41081,44990,66901,72564,47121,49946
42340,Savannah GA,167666,176362,434548,456543,338610,41112,43842,31293,33711,55244,58818,43947,45818
41500,Salinas CA,136642,138693,434450,429814,325386,38479,40074,29831,31356,53238,55403,40128,40886
15180,Brownsville-Harlingen TX,126874,128463,432876,448283,318473,40398,43224,30950,33473,55341,59142,43850,45741
31700,Manchester-Nashua NH,169073,173032,432236,442191,346773,42885,44782,34319,36137,59603,62118,43019,43955
25060,Gulfport-Biloxi MS,164322,164778,429161,432068,334115,42052,43884,32753,34529,56635,59013,43953,44778
49660,Youngstown-Warren OH,177849,173143,428115,418147,342003,45266,46394,36237,37513,61080,62491,45253,45201
11700,Asheville NC,182387,186698,425094,432632,348436,46438,48494,37483,39494,63297,65999,45728,46616
29180,Lafayette LA,167713,171226,421410,427768,320290,39488,41848,30417,32593,53152,56201,41820,43170
34820,Myrtle Beach-Conway-North Myrtle Beach SC,174499,190641,420333,459087,349259,49678,54009,40622,44577,67187,72930,48279,51157
34940,Naples-Marco Island FL,178582,191564,417918,442932,350375,53223,57956,45115,49441,71489,77697,46229,49137
33660,Mobile AL,158532,159218,414198,420068,321184,40297,41948,30839,32449,53512,55582,42950,43646
11260,Anchorage AK,150379,158324,407900,430211,309560,35555,37408,27022,28686,49218,51715,38104,39323
22420,Flint MI,162098,168733,403996,425213,314959,42369,43675,33359,34733,57288,58954,43597,43852
15940,Canton-Massillon OH,165438,174515,402554,425675,316992,43850,45188,35156,36575,59764,61463,43739,43951
43900,Spartanburg SC,158605,166044,400036,411076,310237,38259,41429,29715,32500,51566,55723,40098,42379
13140,Beaumont-Port Arthur TX,151063,155499,399482,408612,306247,38239,40036,29440,31138,51586,53947,40447,41409
45220,Tallahassee FL,156083,159580,398693,410141,323999,38527,40432,28722,30468,51452,53928,42499,43639
22180,Fayetteville NC,151439,157768,394229,407429,295130,33911,35534,24477,25920,45000,47113,38984,40067
45940,Trenton-Princeton NJ,147483,162432,390968,424723,305065,37970,41171,29471,32244,51726,55989,39335,41715
33860,Montgomery AL,150798,156736,389215,404613,301624,37645,39367,28516,30122,49781,51979,40574,41543
43340,Shreveport-Bossier City LA,153443,152727,384104,384515,294892,37096,38154,28354,29459,49032,50360,39622,39856
21660,Eugene-Springfield OR,163995,166804,383651,380019,314596,40084,40692,31694,32476,54870,55614,40730,40372
19340,Davenport-Moline-Rock Island IA-IL,159436,162907,382799,388978,295308,38123,39606,30308,31776,52047,53982,38405,38970
22660,Fort Collins-Loveland CO,155356,158040,376612,376646,305036,35712,37400,27905,29503,49494,51742,36892,37765
25860,Hickory-Lenoir-Morganton NC,151829,153281,376080,377881,300134,39450,40899,31454,32925,53671,55534,39875,40317
12100,Atlantic City-Hammonton NJ,143024,142166,373792,377011,299817,39733,41145,32115,33522,53934,55732,38945,39417
24540,Greeley CO,139629,160199,373336,414655,279520,34903,37707,27011,29427,48703,52544,36911,39066
11460,Ann Arbor MI,147874,150692,373033,377073,304671,34057,36454,25796,27879,46633,49848,36569,38381
31180,Lubbock TX,140383,145620,368852,382915,284418,33734,35843,25330,27174,46203,49063,37152,38687
26580,Huntington-Ashland WV-KY-OH,152261,152034,368786,365132,292143,38759,39381,30935,31751,52867,53598,39230,38805
37900,Peoria IL,148360,149299,365435,368331,281378,36243,37616,28838,30212,49359,51125,36407,36883
23540,Gainesville FL,148941,162285,360676,385508,295682,36326,38765,27256,29382,49016,52251,39671,41445
30700,Lincoln NE,141280,147407,351802,364186,272278,32367,34455,24879,26755,44578,47393,34220,35612
17300,Clarksville TN-KY,132731,137708,348659,356150,259112,29057,30796,21362,22867,39464,41772,32682,33946
40420,Rockford IL,129264,129033,337967,341701,258742,32953,34260,25949,27213,44859,46560,33837,34374
24580,Green Bay WI,137438,143178,336327,348695,261414,33145,34592,26239,27642,45684,47596,33771,34411
14500,Boulder CO,131323,133720,331389,336378,269847,30899,32418,24021,25414,43108,45160,32354,33292
43780,South Bend-Mishawaka IN-MI,127495,130419,326356,333023,253213,31916,33202,24870,26117,43421,45104,33248,33798
17980,Columbus GA-AL,128088,130466,325379,329884,251467,30463,31444,22765,23734,40281,41522,33558,33934
28420,Kennewick-Richland WA,112629,118420,321130,335174,233842,28049,29847,21730,23300,38986,41440,29556,30844
40220,Roanoke VA,133561,136277,317319,321964,253325,33629,34727,26912,28043,45552,46938,33573,33822
28700,Kingsport-Bristol TN-VA,136051,136681,316803,315982,257535,35218,36261,28518,29653,47885,49185,34672,34714
25180,Hagerstown-Martinsburg MD-WV,119643,121821,313818,319869,245182,30566,32144,24129,25607,41881,43965,31310,32162
18880,Crestview-Fort Walton Beach-Destin FL,133411,142434,312193,323976,245211,30460,32641,24064,26038,41807,44718,30996,32421
43620,Sioux Falls SD-MN,124854,131558,310709,323245,232507,27902,29632,21727,23292,38598,40939,29070,30206
47380,Waco TX,117814,123300,309093,318996,239070,29792,31415,22861,24348,40420,42559,31673,32634
36500,Olympia-Lacey-Tumwater WA,127592,133460,304607,308476,241285,29584,30808,23481,24642,40740,42338,29854,30465
32900,Merced CA,85060,86275,297608,306599,213899,25230,26611,18831,20042,34799,36696,28099,29074
30980,Longview TX,110964,114241,297262,304964,227884,29030,30489,22593,23972,39237,41134,30248,30993
46540,Utica-Rome NY,117838,118057,288806,288322,227833,29541,30514,23618,24623,40317,41580,29519,29748
17780,College Station-Bryan TX,106817,114190,288290,302684,233338,25886,27883,18588,20243,35390,38102,30026,31707
20260,Duluth MN-WI,122282,126444,283613,288804,228746,29982,30895,23976,24948,41094,42285,30007,30175
42020,San Luis Obispo-Paso Robles CA,110391,111963,283075,284162,232538,29651,30165,23635,24228,40794,41442,29571,29453
14740,Bremerton-Silverdale-Port Orchard WA,112840,117132,282787,288123,226702,28123,29230,22449,23524,38828,40292,28000,28494
46220,Tuscaloosa AL,104145,102006,282726,278337,227824,25751,27041,18981,20151,34267,35935,28879,29671
16300,Cedar Rapids IA,116249,119961,279592,286286,216235,27186,28512,21516,22787,37342,39089,27559,28211
43640,Slidell-Mandeville-Covington LA,106755,109645,279286,285609,215137,27418,28779,21870,23154,37397,39152,27684,28399
11100,Amarillo TX,104405,107284,275873,282343,209543,25540,26863,19643,20861,35026,36820,27100,27885
42580,Seaford DE,113224,123926,274523,299219,224113,33273,35735,27774,30077,44933,48147,30768,32193
21780,Evansville IN,112065,113440,273173,275970,213230,27256,28313,21608,22684,37251,38619,27657,27984
29700,Laredo TX,72571,73653,273085,285961,194118,23228,25101,17473,19100,32155,34718,25895,27298
35980,Norwich-New London-Willimantic CT,117562,95288,269900,208372,217826,21119,22053,16867,17789,28970,30202,21087,21488
22020,Fargo ND-MN,114398,122849,268730,282617,209782,24279,26065,18354,19897,33441,35851,26145,27494
21500,Erie PA,105920,107490,268242,272663,213019,27839,28542,21977,22750,37921,38811,28500,28513
31340,Lynchburg VA,108876,110219,268077,269029,216516,27544,28614,21779,22849,37273,38642,27898,28261
13460,Bend OR,111409,116490,266481,271521,214725,27811,29206,22568,23912,38316,40160,27194,27857
28020,Kalamazoo-Portage MI,109582,112072,265813,269465,208345,24862,26194,19090,20320,33919,35676,26315,27064
19300,Daphne-Fairhope-Foley AL,110909,119514,264805,278609,210669,28142,30500,22879,25054,38370,41513,27397,28887
42100,Santa Cruz-Watsonville CA,91367,92861,262832,272034,212330,26495,27090,20925,21560,36817,37596,27154,27247
49420,Yakima WA,87043,90343,259238,267555,185340,22767,23851,17390,18376,31397,32876,24498,25116
39150,Prescott Valley-Prescott AZ,110695,113701,254702,263214,216042,33020,34378,27905,29269,44542,46272,29774,30165
46340,Tyler TX,95076,100824,250920,266126,193090,25274,26800,19788,21184,34182,36185,25932,26857
11540,Appleton WI,101095,102223,250160,247444,193242,23272,24346,18467,19502,32201,33635,23598,24127
13780,Binghamton NY,98034,99279,244549,249091,197225,26214,26930,20761,21530,35608,36489,26450,26493
29340,Lake Charles LA,95732,99436,243433,250850,185251,23277,24498,17997,19152,31391,32984,24525,25145
16580,Champaign-Urbana IL,98629,105180,241054,255820,194092,22438,24270,16539,18059,30446,32883,24954,26466
25940,Hilton Head Island-Bluffton-Port Royal SC,97256,101671,240024,247896,196826,27035,28705,22218,23776,36418,38622,25354,26317
31420,Macon-Bibb County GA,92820,91780,239211,236832,186143,22968,24124,17589,18663,30169,31630,24389,25042
13380,Bellingham WA,98214,102297,236406,240714,192344,23577,24631,18522,19514,32426,33824,24133,24689
22900,Fort Smith AR-OK,92146,92697,234482,234892,179920,22600,23511,17565,18452,30740,31936,23691,24043
45820,Topeka KS,96476,98076,233800,235265,180002,23315,24116,18585,19406,31848,32895,23505,23711
12700,Barnstable Town MA,105836,107792,233366,236469,198812,29635,30457,25300,26188,40221,41242,26025,26083
40340,Rochester MN,94351,98023,231488,237392,176491,22101,23252,17590,18656,30396,31891,22051,22680
29740,Las Cruces NM,84697,90868,230586,251012,178892,23704,25218,18161,19505,32415,34444,25606,26632
15540,Burlington-South Burlington VT,93253,94286,230138,232079,187521,22700,23531,17865,18697,31406,32506,23303,23623
29200,Lafayette-West Lafayette IN,86647,87394,229712,233569,181423,20453,21709,15121,16200,28033,29716,22835,23739
29420,Lake Havasu City-Kingman AZ,90006,87480,229366,231017,192193,28883,29842,24100,25106,38841,40048,26524,26662
37460,Panama City-Panama City Beach FL,94930,102963,228753,242407,181539,22771,25102,17956,19988,31069,34196,23342,25127
16820,Charlottesville VA,90955,95194,228387,235951,185073,23374,24508,18513,19583,31870,33342,23543,24133
30150,Lebanon-Claremont NH-VT,97161,97445,226059,224243,186998,24742,25436,20208,20967,33931,34802,23935,23974
12020,Athens-Clarke County GA,81988,83267,224855,232047,181217,21166,22261,15719,16708,28732,30185,23574,24255
23580,Gainesville GA,75557,78831,223316,233506,169667,20871,22461,16293,17688,28791,30939,21752,22886
33740,Monroe LA,86111,86797,222549,224730,170656,21730,22412,16560,17269,28771,29621,23412,23556
32780,Medford OR,92872,93271,222145,219802,177949,23704,24146,19191,19714,32351,32918,23172,23073
49740,Yuma AZ,67582,69282,221121,238359,168235,22493,24749,17648,19585,30576,33638,22780,24512
17860,Columbia MO,88810,93795,220265,229842,175593,20570,21782,15441,16506,28120,29724,22545,23375
27740,Johnson City TN,95382,99221,216833,220037,176773,23278,24224,18503,19449,31734,32964,23649,23980
39460,Punta Gorda FL,103013,107813,215064,219610,189283,30527,32218,26307,27974,40675,42835,25853,26514
27340,Jacksonville NC,72798,78485,214752,228838,163892,18556,19874,13399,14533,25435,27236,21115,22124
30500,Lexington Park MD,77184,79123,212379,216179,162608,19397,20203,15360,16123,26826,27855,19713,20124
25900,Hilo-Kailua HI,79043,82172,210965,216440,166235,21798,22830,17387,18341,29418,30762,21576,22187
41100,St. George UT,71222,74153,210225,219329,158569,21387,23101,17434,19005,29153,31421,20324,21366
17020,Chico CA,84678,86476,209409,211671,167521,21108,21684,16463,17068,28896,29645,21896,21979
27900,Joplin MO-KS,81840,82791,208529,209720,157922,19966,21002,15680,16662,27284,28646,20582,21083
21140,Elkhart-Goshen IN,74448,75826,207695,212399,150636,18808,19657,14662,15470,25871,27006,19599,19999
12220,Auburn-Opelika AL,83676,87551,207068,213720,165603,19191,20532,14108,15262,25662,27416,21644,22665
44100,Springfield IL,87353,88314,206763,209694,161555,20823,21528,16598,17321,28380,29284,20977,21176
41060,St. Cloud MN,80876,80986,206212,204838,157273,18332,19432,14249,15240,25199,26664,19044,19756
47580,Warner Robins GA,81799,88473,205791,217020,156641,19010,20104,14416,15374,25488,26893,20515,21272
16620,Charleston WV,88739,90719,202760,206376,162716,22535,22785,18091,18477,30594,30885,22567,22252
22500,Florence SC,79055,81651,201708,209087,156080,20536,21279,15794,16545,27077,27999,21805,22027
39540,Racine-Mount Pleasant WI,78410,83301,199456,212625,153637,20534,21445,16359,17243,28146,29351,20760,21158
26380,Houma-Bayou Cane-Thibodaux LA,72823,72794,199257,200649,153265,19241,19855,14918,15555,26004,26782,20218,20366
14540,Bowling Green KY,78738,85265,196078,209149,151459,18366,19993,14017,15407,25098,27283,19794,21072
20100,Dover DE,73624,72829,194082,191797,150300,18008,18981,13965,14847,24147,25386,18668,19262
13740,Billings MT,83723,87243,193928,197367,150839,19393,20216,15493,16314,26634,27718,19421,19741
17660,Coeur d'Alene ID,77542,81929,190062,196755,148694,19552,20534,15770,16725,26910,28210,19332,19796
33260,Midland TX,74453,81114,189967,199485,138477,15499,17145,11779,13139,21525,23776,16690,18116
40980,Saginaw MI,75086,74353,188601,187945,149114,19574,20094,15482,16055,26374,27030,19907,19924
49700,Yuba City CA,64026,66531,186637,190413,138656,16581,17518,12664,13495,22745,23995,17663,18276
10180,Abilene TX,71707,76366,184894,191699,143451,17549,18613,13413,14371,23947,25361,18677,19341
27180,Jackson TN,71155,73222,184885,191950,144135,18647,19606,14453,15352,24941,26172,19612,20127
15500,Burlington NC,73691,79633,184542,198475,144096,18711,19804,14479,15462,25263,26694,19753,20460
28740,Kingston NY,72090,72150,183558,182576,151912,19353,20063,15568,16274,26515,27414,19216,19445
26980,Iowa City IA,76483,82106,183147,191397,146332,16788,17794,12542,13406,23074,24425,18447,19203
13980,Blacksburg-Christiansburg-Radford VA,69396,69796,182701,186400,153100,18602,19239,14139,14769,25432,26264,20051,20294
39820,Redding CA,73215,77721,181972,192582,143584,20173,20698,16266,16837,27548,28219,19886,19926
20940,El Centro CA,54175,54887,181633,180589,133731,15875,16878,12005,12908,21822,23186,17451,18106
24780,Greenville NC,74050,78529,180835,190199,141687,17227,18149,12789,13619,22924,24106,19162,19747
34740,Muskegon-Norton Shores MI,71221,73488,178677,181915,138494,17832,18481,14016,14668,24227,25071,18394,18605
20740,Eau Claire WI,70389,71074,177362,178288,140843,17351,18230,13673,14519,23876,25043,17717,18146
36780,Oshkosh-Neenah WI,74818,77379,174334,178969,139426,17442,18216,13713,14465,24026,25046,17900,18228
42680,Sebastian-Vero Beach-West Vero Corridor FL,78798,81591,173926,177766,146681,22469,23499,18987,19989,30035,31342,19779,20190
26140,Homosassa Springs FL,79035,81225,172881,175889,148282,23430,24589,19900,21059,31263,32747,20589,20991
26820,Idaho Falls ID,60242,63712,172558,179723,120970,14598,15641,11331,12277,20243,21654,15321,16016
14010,Bloomington IL,67013,67642,172109,175832,134801,15778,16418,12001,12605,21684,22534,17018,17352
29100,La Crosse-Onalaska WI-MN,69974,70406,171780,172877,136220,17304,17856,13719,14295,23755,24474,17508,17626
39380,Pueblo CO,70021,71503,170909,171981,133867,17602,18127,13982,14541,24040,24727,17902,18000
36220,Odessa TX,61576,70459,170613,190006,120585,14568,16164,10924,12253,20186,22361,16043,17362
47940,Waterloo-Cedar Falls IA,71684,74623,170584,174383,133542,16656,17581,13033,13891,22700,23918,17074,17594
45460,Terre Haute IN,66609,66730,169735,169952,134439,16994,17532,13247,13811,23191,23896,17694,17804
28450,Kenosha WI,64731,62761,169390,165712,132053,15426,15991,12061,12611,21323,22084,16121,16366
20700,East Stroudsburg PA,60160,59377,167025,166095,134230,17103,17430,13653,14033,23368,23766,17271,17218
27500,Janesville-Beloit WI,65695,66159,166474,167711,128964,16252,16851,12903,13509,22349,23137,16518,16704
11200,Amherst Town-Northampton MA,58129,58398,165095,168678,140105,17208,17787,13490,14071,23667,24423,17733,17940
27980,Kahului-Wailuku HI,60024,63170,163955,167058,129389,16194,16925,12824,13515,22059,23013,16101,16480
24300,Grand Junction CO,62642,62314,162549,165156,128690,16849,17517,13493,14165,23106,23991,16823,17079
14020,Bloomington IN,65476,65652,162389,163738,135421,15682,16264,11709,12258,21483,22245,17314,17601
30860,Logan UT-ID,51253,55616,161949,173622,115566,13032,14269,9681,10724,18114,19820,14428,15438
27100,Jackson MI,63221,64578,160809,162002,126738,16392,16918,13010,13560,22387,23064,16620,16743
19460,Decatur AL,64617,66233,160646,163770,124570,16189,16940,12800,13525,21968,22940,16562,16905
16540,Chambersburg PA,64081,61145,160215,151771,125039,15344,16026,12374,13044,21025,21922,15068,15340
44300,State College PA,56838,58620,160014,167450,136768,16019,17017,12036,12926,22040,23377,17418,18085
18180,Concord NH,62802,62010,159083,155630,129169,15806,16353,12765,13325,21887,22602,15638,15811
42140,Santa Fe NM,70492,71334,158316,157998,132324,17847,18638,14648,15418,24345,25384,17176,17522
48680,Wildwood-The Villages FL,76588,82781,157885,170723,147369,27463,28878,24507,25896,36158,37971,21078,21639
45900,Traverse City MI,68126,69483,157702,157769,128015,17253,17799,14179,14765,23634,24336,16506,16586
22520,Florence-Muscle Shoals AL,64989,65345,157603,158864,126643,16529,17221,13088,13782,22343,23244,16762,17017
12620,Bangor ME,65429,67447,157519,162316,129512,16950,17644,13465,14153,23243,24153,17313,17576
39660,Rapid City SD,67117,70068,157455,159923,123693,15710,16443,12496,13211,21511,22482,15844,16177
25620,Hattiesburg MS,61952,66678,157325,166032,121568,15273,15935,11499,12125,20447,21295,16695,17013
33780,Monroe MI,60422,62440,156689,164905,123733,16738,17258,13488,14038,23063,23739,16666,16777
47220,Vineland NJ,53349,57579,156416,168796,119213,15406,16539,11891,12899,20932,22447,16284,17070
20020,Dothan AL,63431,63329,155842,155743,121093,15480,16158,12124,12784,20744,21611,16055,16355
25260,Hanford-Corcoran CA,45198,47361,155408,160914,114471,12885,13626,9361,10005,17872,18906,14787,15316
46660,Valdosta GA,59645,61626,153648,155275,118387,13858,14626,10232,10921,18378,19363,15500,15991
35660,Niles MI,63254,67729,153229,164778,120275,17033,17582,13614,14184,23078,23768,17070,17181
43300,Sherman-Denison TX,61251,67666,152292,165355,116394,15637,16768,12448,13474,21401,22914,15809,16545
27620,Jefferson City MO,61659,63475,152253,153835,119090,15021,15594,11877,12456,20601,21352,15339,15545
18260,Cookeville TN,62391,68198,151475,162933,120129,16491,17381,13018,13873,22503,23672,16950,17384
49020,Winchester VA-WV,56403,56569,150712,151802,116023,14663,15395,11764,12453,20148,21099,14599,14961
18340,Corbin KY,59572,60798,150653,151249,116148,14879,15373,11586,12106,20330,20972,15775,15895
48660,Wichita Falls TX,57222,57727,150594,152305,117719,14545,15108,11208,11769,19854,20594,15355,15568
10780,Alexandria LA,57153,57767,148268,149875,112968,14234,14669,10947,11400,19065,19614,15117,15209
40580,Rocky Mount NC,60577,63412,148092,154046,115887,15376,16075,11937,12607,20227,21113,16080,16427
11360,Anderson Creek NC,56126,49041,147635,125291,109741,11096,11898,8477,9180,15029,16096,11916,12498
19140,Dalton GA,50127,51274,147210,152457,110443,13829,14590,10717,11418,19030,20057,14641,15070
36837,Ottawa IL,58119,56307,147083,143709,115968,15052,15502,12135,12619,20600,21182,14857,14908
45500,Texarkana TX-AR,57370,57720,146440,146728,112569,14484,14835,11220,11616,19411,19847,15197,15187
10500,Albany GA,56027,55257,146281,145909,112212,13866,14297,10468,10907,18098,18633,15057,15192
43580,Sioux City IA-NE-SD,56132,60363,146144,154665,109373,13928,14806,10892,11682,19099,20267,14380,14938
30140,Lebanon PA,58918,61972,146083,152047,113369,15284,15917,12330,12953,20963,21789,15049,15283
22380,Flagstaff AZ,47495,44579,146003,142967,118378,12625,13319,9311,9942,17222,18143,14008,14424
39060,Pottsville PA,61223,63168,145477,147173,117081,15685,16177,12677,13193,21477,22110,15466,15562
34060,Morgantown WV,62172,64912,143413,143533,119135,13654,14245,10269,10820,18778,19562,14961,15268
25220,Hammond LA,53844,59560,140901,154636,107548,14236,14968,10825,11494,19027,19957,15410,15844
48140,Wausau WI,56795,54727,139716,133436,108649,13144,13690,10518,11059,18066,18776,13085,13289
13900,Bismarck ND,58316,61901,139574,145511,108106,13461,14439,10695,11572,18541,19845,13473,14121
25500,Harrisonburg VA,51332,54852,139357,147046,111464,13873,14636,10658,11352,19022,20043,14663,15130
27860,Jonesboro AR,55485,58046,139154,144115,105193,13079,13693,9958,10516,17709,18500,14132,14485
48540,Wheeling WV-OH,57111,56141,135609,132894,109987,14713,14841,11854,12068,20050,20193,14646,14412
44220,Springfield OH,53732,52834,135563,134903,105382,13836,14245,11051,11492,18773,19290,13884,13926
31740,Manhattan KS,49732,52927,134725,141007,104652,11644,12326,8373,8965,15976,16906,13352,13846
12980,Battle Creek MI,55279,56421,134364,136079,104696,13422,13863,10524,10976,18234,18806,13920,14036
10540,Albany OR,53439,60247,133439,147908,104446,14742,15372,11852,12472,20254,21083,14640,14895
46180,Tupelo MS,51801,54311,133348,139371,103239,13422,13957,10397,10924,18057,18743,14111,14316
34580,Mount Vernon-Anacortes WA,54032,56884,133329,137189,105150,14000,14619,11362,11964,19207,20018,13614,13882
17420,Cleveland TN,52803,54150,133034,135079,104727,13304,13946,10492,11104,18212,19069,13733,14046
21700,Eureka-Arcata CA,56356,55813,132827,130273,108250,13528,13542,10524,10629,18474,18474,14162,13871
34900,Napa CA,47837,47962,132805,132849,105447,13521,13736,10882,11127,18663,18932,13253,13198
41540,Salisbury MD,48674,48393,131924,132576,104567,12478,13116,9531,10129,16734,17562,13273,13621
40080,Richmond-Berea KY,52082,54044,130950,135201,103537,12714,13505,9830,10553,17451,18516,13551,14052
27780,Johnstown PA,58616,59101,130654,127612,105451,14296,14506,11586,11872,19409,19664,14038,13864
44420,Staunton-Stuarts Draft VA,53463,53257,129429,127393,104513,13431,13914,10786,11277,18291,18910,13295,13432
12300,Augusta-Waterville ME,54317,54874,128991,130455,104420,13832,14350,11162,11689,18957,19626,13727,13886
11180,Ames IA,47146,48375,128907,135049,106788,12432,13207,9318,10010,17121,18166,13536,14048
33540,Missoula MT,56424,57385,128709,129126,105555,12716,13198,9871,10350,17513,18166,13289,13495
38340,Pittsfield MA,56191,56385,128643,128032,107169,14630,14884,11960,12274,19931,20238,14077,13969
21060,Elizabethtown KY,48212,52766,128562,141921,97324,12901,13457,9994,10531,17665,18402,13627,13892
34100,Morristown TN,50837,54930,128209,137898,100893,13921,14721,11122,11879,19037,20097,14071,14487
14580,Bozeman MT,55982,60069,127908,131105,103279,11800,12364,8997,9526,16463,17225,12666,12983
48300,Wenatchee-East Wenatchee WA,49257,51022,127570,129393,97646,12542,13247,10099,10751,17253,18201,12359,12763
30020,Lawton OK,46041,45493,127225,125609,97938,11248,11506,8326,8606,15247,15587,12499,12527
35100,New Bern NC,50193,51160,126795,130966,101285,13556,14198,10750,11372,18192,19020,13640,13907
43420,Sierra Vista-Douglas AZ,51679,52823,126184,128976,100049,13875,14349,11151,11636,18813,19424,13676,13801
31900,Mansfield OH,50259,49810,125457,124062,98545,12836,13176,10157,10536,17405,17839,13024,13017
24020,Glens Falls NY,52144,52167,125402,125885,102534,13838,13996,11269,11498,19010,19191,13521,13342
27460,Jamestown-Dunkirk NY,51961,52312,124656,124800,98973,13428,13596,10748,10979,18296,18478,13493,13316
46300,Twin Falls ID,45659,48766,123314,128543,89776,11253,12004,8761,9438,15472,16492,11734,12216
26090,Holland MI,48394,43542,123113,109003,94930,10594,11020,8496,8928,14652,15219,10677,10828
29940,Lawrence KS,49779,52343,122331,128118,100760,11509,12158,8535,9110,15830,16710,12760,13217
41660,San Angelo TX,47185,47549,122081,123148,94014,11699,12230,9098,9608,16042,16744,12220,12456
22140,Farmington NM,42464,42958,121343,121965,90760,10872,11294,8171,8588,14534,15071,11670,11803
24140,Goldsboro NC,48172,50908,120898,125197,93471,11772,12402,8979,9557,15700,16519,12621,12999
11020,Altoona PA,50056,51323,120828,123801,96473,13272,13566,10699,11044,18108,18472,13102,13046
31300,Lumberton NC,42822,48164,119416,136475,90113,12045,12756,8835,9478,15696,16606,13434,13881
41140,St. Joseph MO-KS,47777,46953,119199,116664,93413,11645,11970,9183,9526,15912,16332,11936,11990
43100,Sheboygan WI,49377,50539,118770,120408,93280,12024,12431,9607,10026,16532,17059,12040,12140
15260,Brunswick-St. Simons GA,47973,48767,118239,118785,94482,12461,13125,9978,10616,16696,17557,12392,12718
11500,Anniston-Oxford AL,45648,49692,117191,127890,93004,12784,13201,9889,10323,17156,17673,13514,13601
49300,Wooster OH,43987,46620,117174,124904,89710,12143,12576,9686,10133,16694,17256,12192,12295
28060,Kalispell MT,50121,54771,115629,122364,91514,12522,13224,10158,10834,17188,18116,12328,12673
30340,Lewiston-Auburn ME,46449,47934,115613,118629,91421,11700,12301,9274,9847,16021,16811,11909,12203
31020,Longview-Kelso WA,46729,49988,114672,120572,89173,12011,12580,9670,10223,16475,17220,11908,12156
41780,Sandusky OH,47725,49284,114054,118403,92012,13339,13558,10943,11221,18138,18397,12764,12638
36980,Owensboro KY,47125,50197,113937,119562,86381,11397,11964,9034,9573,15591,16342,11605,11893
48260,Weirton-Steubenville WV-OH,48225,48471,113761,114390,92122,12845,12965,10389,10593,17453,17591,12689,12478
34620,Muncie IN,45601,45354,113591,113248,92839,11487,11875,8838,9243,15616,16120,12171,12258
48700,Williamsport PA,46155,47953,113571,120290,90421,12503,12883,9956,10371,17061,17553,12586,12631
48060,Watertown-Fort Drum NY,42587,42287,113364,113544,86890,10379,10658,7905,8197,14251,14623,11110,11143
40700,Roseburg OR,48765,49510,113088,112300,91481,12966,13283,10656,11020,17562,17945,12320,12262
33140,Michigan City-La Porte IN,43376,43010,111841,111265,87920,11251,11503,8906,9197,15351,15670,11448,11426
13220,Beckley WV,46612,46186,111422,107630,88707,11809,11968,9453,9675,15956,16139,11887,11742
42700,Sebring FL,48652,49783,111057,113957,92836,14698,15434,12290,13000,19429,20360,13059,13369
43320,Show Low AZ,38190,40857,110094,116601,82556,11160,11648,8658,9147,14803,15413,11400,11548
38240,Pinehurst-Southern Pines NC,48728,49427,109470,107862,86901,11620,12252,9541,10152,15673,16499,10883,11186
25850,Hermitage PA,43623,42611,108691,105806,88135,11828,12026,9566,9829,16058,16299,11595,11469
44980,Sunbury PA,45817,46961,108549,110243,87106,11941,12242,9636,9970,16277,16656,11792,11783
23900,Gettysburg PA,39698,37887,108398,104969,86974,10832,11358,8810,9321,14912,15599,10556,10788
28100,Kankakee IL,38217,36859,106660,106348,82013,10243,10634,8048,8439,13952,14461,10554,10687
48580,Whitewater-Elkhorn WI,41468,42166,106596,111136,84752,11152,11570,8932,9357,15386,15938,11168,11300
32390,Massena-Ogdensburg NY,38881,37177,106558,104195,85207,10646,10861,8344,8606,14578,14843,11049,10987
29300,LaGrange GA-AL,40837,42979,105727,111425,82525,10785,11294,8272,8753,14313,14963,11487,11744
31860,Mankato MN,41805,43816,105542,107918,84125,9973,10471,7626,8084,13696,14354,10544,10817
45860,Torrington CT,49403,58476,105436,131150,85650,13620,14206,11157,11727,18801,19564,13152,13401
44940,Sumter SC,39876,40203,105221,107233,81637,10357,10787,7865,8291,13574,14113,11098,11270
34180,Moses Lake WA,35870,38156,105198,110864,75888,9330,10089,7184,7847,12894,13927,9960,10502
27060,Ithaca NY,40327,41796,104892,108258,89412,10498,10869,7849,8210,14392,14881,11474,11635
22540,Fond du Lac WI,44086,43186,104779,100463,83480,10236,10652,8228,8651,14077,14622,10184,10325
24220,Grand Forks ND-MN,45254,48426,104478,108044,81963,9875,10428,7566,8061,13549,14294,10436,10787
23460,Gadsden AL,42108,43661,103911,107586,82233,11315,11684,8987,9373,15255,15717,11512,11573
13020,Bay City MI,42898,41219,103180,100055,82672,10767,11021,8666,8958,14699,15027,10709,10689
43140,Shelby-Kings Mountain NC,40937,44125,102933,110889,80724,11226,11643,8811,9229,15102,15628,11676,11817
37140,Paducah KY-IL,44508,44190,102893,100397,80899,10588,10851,8473,8765,14344,14667,10604,10595
10700,Albertville AL,40151,44058,102747,112746,76638,10475,11126,8231,8828,14342,15206,10826,11207
46020,Truckee-Grass Valley CA,44836,45175,102709,100989,84801,11710,12019,9792,10128,15978,16367,10823,10841
16940,Cheyenne WY,41635,41844,102275,103523,79421,9947,10335,7867,8249,13714,14219,10130,10277
40660,Rome GA,38223,37676,101980,100064,78423,9465,9948,7347,7795,12839,13469,9940,10204
19260,Danville VA,42851,41571,101859,99451,82284,11104,11312,8777,9035,14633,14871,11284,11202
30620,Lima OH,39405,42456,101190,110287,77564,10989,11324,8703,9064,14921,15347,11151,11186
19500,Decatur IL,42184,41708,100924,100679,78628,10388,10662,8249,8548,13947,14283,10455,10484
14660,Brainerd MN,42974,42958,100891,99822,80228,10922,11337,8993,9425,14869,15399,10356,10448
26300,Hot Springs AR,43830,48792,100569,109141,79836,12706,13036,10452,10824,17070,17481,11958,11938
42940,Sevierville TN,39883,42003,100430,105998,79718,10965,11469,8820,9314,15030,15690,10977,11177
41400,Salem OH,40296,41318,100299,103736,80049,11221,11427,9061,9318,15326,15580,11152,11059
20220,Dubuque IA,40818,43292,99696,104134,78125,10355,10783,8266,8695,14187,14744,10330,10484
47020,Victoria TX,38038,38687,99646,100814,77265,9907,10359,7793,8232,13539,14140,10212,10416
16020,Cape Girardeau MO-IL,40650,41542,99352,100426,78093,9883,10227,7722,8069,13443,13886,10247,10344
18700,Corvallis OR,40219,38948,98941,92414,82955,8816,9337,6661,7129,12133,12838,9549,9895
10300,Adrian MI,38073,39257,98122,100730,77680,10374,10575,8276,8516,14238,14486,10456,10396
25740,Helena MT,42640,44936,97689,100889,77855,10269,10851,8339,8902,14132,14899,10082,10363
44340,Statesboro GA,34393,33676,97365,97114,77619,8613,9152,6244,6716,11511,12204,9862,10241
39480,Putnam CT,38772,47532,96984,115909,78036,11637,12124,9392,9863,16134,16772,11601,11804
14140,Bluefield WV-VA,41180,40099,96855,93758,77711,10632,10658,8558,8670,14364,14372,10571,10297
27600,Jefferson GA,34966,43925,95589,119882,72616,10366,11483,8222,9191,14291,15804,10496,11368
24940,Greenwood SC,38557,38331,95268,93998,75184,9716,10070,7597,7953,12903,13355,10024,10140
21820,Fairbanks-College AK,35531,37064,94656,99757,72498,8292,8616,6230,6537,11518,11967,9002,9176
19060,Cumberland MD-WV,39426,40949,94493,97128,77205,10597,10803,8428,8680,14390,14640,10664,10582
18980,Cullman AL,38393,39086,93489,93185,72798,9389,9844,7495,7941,12841,13441,9481,9686
25840,Hermiston-Pendleton OR,33580,34446,93392,94722,70423,8643,9011,6701,7055,11932,12437,9048,9229
18500,Corning NY,37801,36978,92442,91225,72316,9451,9709,7612,7892,12940,13264,9388,9394
45180,Talladega-Sylacauga AL,36087,34791,92375,89684,74185,9387,9723,7344,7690,12493,12911,9782,9871
35420,New Philadelphia-Dover OH,37774,40206,92341,100745,71311,10083,10456,8089,8474,13806,14289,10045,10133
38540,Pocatello ID,33975,35665,91574,96148,68779,8577,9015,6599,7007,11783,12365,9115,9359
38210,Pikeville KY,36309,34446,90050,86209,71545,9328,9361,7378,7474,12704,12723,9741,9515
25980,Hinesville GA,32841,34542,89840,92305,66824,7194,7661,5052,5438,9567,10178,8529,8921
46380,Ukiah CA,37276,38635,89203,90270,69624,9463,9645,7620,7822,12901,13137,9411,9397
13180,Beaver Dam WI,35348,36956,89097,92446,71767,9405,9733,7515,7853,12974,13406,9431,9518
17220,Clarksburg WV,37136,36536,89026,86129,70547,9046,9233,7246,7468,12375,12605,9107,9055
24420,Grants Pass OR,39436,41918,88820,90803,72150,10536,10840,8677,9008,14263,14644,10004,10012
31260,Lufkin TX,32132,32650,88483,90148,66875,8588,8968,6690,7055,11636,12142,8987,9154
11980,Athens TX,35406,32773,88434,81584,70260,8673,9174,7030,7514,11759,12417,8486,8736
37620,Parkersburg-Vienna WV,37966,38244,88100,88100,69465,9475,9662,7639,7868,12912,13139,9426,9348
16500,Centralia WA,36330,38722,87752,90937,69420,9326,9783,7527,7970,12775,13377,9202,9399
49780,Zanesville OH,35905,38633,87005,92879,67325,9223,9567,7304,7651,12606,13051,9464,9579
36020,Oak Harbor WA,36108,36903,86747,86984,70727,9548,9809,7845,8126,13018,13342,8998,9029
48020,Watertown-Fort Atkinson WI,33995,32221,86608,79577,69100,7965,8268,6408,6718,11029,11420,7954,8043
32940,Meridian MS,33955,35256,85877,89590,66181,9024,9319,6945,7257,11852,12214,9556,9612
40780,Russellville AR,32664,34476,85469,89929,65461,8662,9050,6741,7119,11825,12336,9076,9228
18020,Columbus IN,33470,34053,85002,86984,64609,8067,8528,6367,6791,11087,11693,8199,8464
24500,Great Falls MT,36671,37931,84995,85645,66402,8685,8914,6874,7125,11839,12128,8765,8764
29020,Kokomo IN,35558,36530,84646,87189,65627,8847,9131,7081,7382,12049,12415,8843,8891
44660,Stillwater OK,33717,36198,84504,87717,68478,7901,8313,5742,6112,10759,11309,8960,9234
33220,Midland MI,34580,33663,84482,81830,66476,8360,8674,6753,7070,11471,11878,8205,8305
26660,Huntsville TX,24212,25410,84085,88092,71771,8418,9028,6168,6688,11393,12216,9486,9936
36700,Orangeburg SC,32360,33321,83528,86118,66161,8968,9233,6818,7106,11516,11847,9593,9628
26860,Indiana PA,33215,34218,83316,84706,68553,9023,9212,7106,7331,12318,12551,9243,9214
42860,Seneca SC,34973,35654,83197,84607,66808,9163,9622,7472,7917,12429,13027,8923,9134
32740,Meadville PA,33488,32633,82489,80234,65392,8602,8824,6943,7194,11731,12012,8525,8500
29860,Laurel MS,30661,29525,81975,79592,62947,8111,8273,6295,6490,10740,10936,8446,8395
31820,Manitowoc WI,35164,35364,81912,81575,65268,8681,8974,7047,7353,11882,12267,8488,8563
21300,Elmira NY,33783,33289,81414,79946,64578,8315,8545,6634,6885,11330,11624,8350,8359
25720,Heber UT,28130,29495,81169,84486,59785,7105,7515,5646,6016,10009,10563,7306,7570
36660,Opelousas LA,31490,33187,81077,85576,59999,8143,8454,6218,6537,10740,11118,8734,8810
47700,Warsaw IN,31008,30258,80964,78853,62362,7619,7871,6054,6321,10509,10842,7709,7761
16220,Casper WY,33722,34464,80888,82020,61843,7725,8065,6098,6429,10663,11104,7916,8040
33910,Monticello NY,32485,34939,80584,84728,63927,8575,9034,6841,7267,11717,12315,8655,8881
28580,Key West-Key Largo FL,37392,38566,80497,81463,68346,9240,9577,7602,7946,12667,13101,8821,8918
48980,Wilson NC,31902,32750,80363,83123,63018,8399,8747,6534,6870,11100,11545,8778,8938
40090,Rifle CO,31385,33722,79944,85739,61786,7773,8075,6083,6363,10873,11284,8139,8298
42620,Searcy AR,30657,32599,79732,85008,61112,8196,8550,6387,6732,11179,11645,8621,8758
28300,Keene NH,32598,33468,78688,79984,64337,8505,8762,6911,7188,11705,12036,8324,8373
38820,Port Angeles WA,36540,37601,78566,79219,65659,9665,9840,8061,8275,13041,13254,8885,8818
38460,Plattsburgh NY,32522,34107,78365,81107,64003,8375,8629,6629,6902,11501,11829,8552,8593
10140,Aberdeen WA,32127,34241,78321,81426,62910,8682,8960,6997,7290,11832,12187,8606,8659
20180,DuBois PA,31396,30933,78177,77106,64019,8435,8681,6782,7052,11518,11835,8407,8411
37260,Palatka FL,31436,31179,78093,76861,61887,8270,8745,6629,7077,11071,11683,8271,8515
23180,Frankfort KY,32713,33808,77845,79625,61094,7802,8165,6192,6545,10695,11172,7962,8124
24260,Grand Island NE,30866,32665,77275,80034,56960,7270,7693,5715,6097,9987,10550,7476,7735
17060,Chillicothe OH,29617,29981,76537,77052,60772,7898,8050,6224,6410,10813,10999,8159,8095
33500,Minot ND,31580,32343,75924,77561,57891,6818,7086,5217,5471,9423,9779,7214,7343
36460,Olean NY,30811,31168,75786,78898,59211,8148,8319,6485,6683,11124,11338,8283,8244
22300,Findlay OH,31440,29589,75301,70012,58631,6857,7140,5437,5715,9412,9783,6931,7040
43060,Shawnee OK,28838,30397,75047,77456,57412,7258,7502,5605,5851,9885,10202,7681,7758
12180,Auburn NY,31281,30717,74983,72172,60334,7577,7838,6071,6344,10366,10706,7581,7640
26020,Hobbs NM,26537,29422,74799,80868,54472,6504,7170,4878,5429,8999,9918,7201,7780
29380,Lake City FL,27641,27263,74483,76155,58487,7862,8165,6230,6542,10609,11001,7969,8056
49220,Wisconsin Rapids-Marshfield WI,32767,38271,74384,85951,58801,9240,9534,7528,7843,12623,13001,8945,8992
24620,Greeneville TN,30739,31019,74284,74154,60385,7992,8357,6404,6763,10876,11353,8039,8187
39500,Quincy IL-MO,30958,30872,74236,73129,57666,7551,7745,6046,6266,10293,10543,7496,7486
28180,Kapaa HI,26875,28132,74034,75104,58299,7473,7751,5959,6221,10127,10484,7323,7447
22840,Fort Payne AL,27985,26983,73574,69738,56675,6985,7315,5508,5828,9514,9941,7217,7345
37060,Oxford MS,27682,29004,72717,76720,59925,7051,7573,5220,5670,9484,10170,7852,8251
45620,Thomasville GA,28857,30272,72700,76169,55678,7529,7841,5877,6181,10002,10391,7805,7929
43740,Somerset PA,29603,30389,72621,73988,59590,8285,8500,6709,6955,11298,11572,8107,8096
44620,Stevens Point-Plover WI,29347,29039,72489,71731,58698,7018,7389,5512,5863,9665,10157,7208,7407
39020,Portsmouth OH,28866,28395,72131,70406,56732,7326,7452,5773,5931,9975,10130,7593,7531
34340,Mount Airy NC,29368,31245,71998,76823,56894,8336,8538,6702,6930,11326,11583,8342,8330
11940,Athens TN,29313,31333,71502,75496,56808,7828,8258,6306,6723,10692,11261,7805,8021
38220,Pine Bluff AR,26505,26694,71419,72882,56332,7163,7446,5416,5695,9366,9721,7752,7866
19180,Danville IL,28612,28176,71411,70889,55071,7369,7456,5833,5958,9945,10045,7474,7364
24640,Greenfield MA,30508,29666,71245,69417,58968,7657,7831,6242,6443,10501,10723,7513,7499
33980,Morehead City NC,31477,29054,70898,64953,59227,7668,7897,6359,6604,10410,10696,7238,7257
28900,Klamath Falls OR,29779,29836,70691,70068,56027,7429,7589,5959,6143,10110,10319,7427,7417
24180,Granbury TX,29819,33127,70131,76265,55228,8060,8551,6698,7171,11017,11668,7528,7781
43220,Shelton WA,28576,28813,70021,69275,56730,7415,7711,6066,6359,10142,10523,7137,7242
10460,Alamogordo NM,27410,26320,69931,61389,54456,6039,6391,4687,5015,8167,8635,6256,6452
39940,Rexburg ID,18299,21187,69737,73004,55113,5804,6200,4045,4377,8028,8571,6951,7263
14940,Brigham City UT-ID,23428,24641,69648,72085,48692,5806,6276,4526,4940,8055,8694,6030,6367
22060,Faribault-Northfield MN,24995,27973,69227,75435,54481,6984,7392,5465,5833,9630,10177,7197,7463
41820,Sanford NC,27045,37298,69030,95473,52683,8442,9085,6490,7047,11476,12333,9004,9477
23700,Gallup NM,21884,22261,68854,68280,50703,5712,5854,4065,4241,7424,7601,6408,6376
46100,Tullahoma-Manchester TN,27810,28763,68719,70296,53335,6960,7332,5521,5873,9509,9994,7089,7271
32100,Marquette MI,29604,30923,68387,69378,56216,7096,7397,5596,5898,9726,10134,7236,7356
37020,Owosso MI,27394,28013,68357,70543,54088,7257,7466,5845,6074,9992,10264,7253,7267
17340,Clearlake CA,28598,28620,68058,67303,54134,7473,7610,6084,6249,10159,10330,7283,7236
10620,Albemarle NC,27716,30101,68057,72386,53618,7301,7781,5833,6277,9914,10545,7318,7600
22100,Farmington MO,26761,28919,67987,71320,53736,7192,7428,5615,5864,9825,10135,7474,7523
35340,New Iberia LA,25318,25250,67558,67618,50944,6534,6723,5044,5254,8686,8918,6890,6890
32060,Marion-Herrin IL,27791,26299,67444,63788,52795,6487,6714,5180,5412,8861,9147,6514,6565
43700,Somerset KY,28073,29480,67381,69791,52686,7189,7481,5726,6020,9795,10177,7357,7452
34780,Muskogee OK,25633,28927,67199,75395,51225,7210,7467,5555,5819,9689,10021,7585,7653
18060,Columbus MS,26214,26293,67119,67536,51746,6612,6780,5032,5214,8652,8854,7108,7118
31980,Marion IN,26248,26595,66790,67732,52482,6903,7152,5452,5708,9375,9702,7060,7128
34680,Murrells Inlet SC,28141,23782,66745,57688,55684,6683,6940,5467,5735,8846,9171,6416,6477
12660,Baraboo WI,27680,28191,66721,67242,51918,6699,6964,5415,5680,9231,9582,6614,6712
40100,Rio Grande City-Roma TX,18896,19140,66694,68898,46737,5919,6335,4456,4823,8056,8612,6621,6908
39980,Richmond IN,26332,26272,66670,67703,51820,6932,7115,5504,5705,9437,9669,7051,7052
35900,North Wilkesboro NC,27831,26181,66635,62475,53693,6923,7125,5588,5806,9381,9641,6849,6871
16260,Cedar City UT,22922,25772,66466,72597,48487,5945,6496,4537,5011,8201,8948,6364,6789
18900,Crossville TN,28937,27131,66465,62438,55762,7765,8109,6527,6877,10457,10901,7053,7168
14100,Bloomsburg-Berwick PA,27035,28186,66312,68310,54903,7320,7597,5819,6102,10007,10369,7417,7508
22580,Forest City NC,27104,25990,66228,63299,53116,7012,7245,5654,5897,9461,9752,6955,6985
34860,Nacogdoches TX,25054,26110,66038,68461,50920,6394,6660,4833,5084,8633,8988,6990,7128
17580,Clovis NM,23909,23617,65909,66532,49319,5992,6201,4515,4719,8196,8467,6574,6649
30300,Lewiston ID-WA,28232,27752,65816,63948,52033,6807,6956,5487,5664,9274,9465,6674,6648
29060,Laconia NH,27313,29241,65792,71054,54021,7801,8037,6442,6696,10745,11046,7482,7511
31940,Marinette WI-MI,30404,31921,65747,67526,53319,7764,7944,6389,6602,10573,10794,7434,7391
32020,Marion OH,22748,22492,65355,66918,51792,6764,6983,5319,5547,9244,9532,6977,7035
34380,Mount Pleasant MI,25133,24520,65323,63296,53535,5942,6145,4399,4599,8132,8402,6661,6738
39780,Red Bluff CA,24622,20842,64629,54343,49547,5480,5566,4332,4438,7480,7581,5588,5536
18300,Coos Bay-North Bend OR,27960,27444,64590,62741,53198,7512,7577,6195,6304,10163,10226,7107,6971
34540,Mount Vernon OH,24317,25501,64221,66492,50091,6627,6884,5309,5565,9111,9450,6632,6732
40260,Roanoke Rapids NC,26599,27479,63916,65893,51707,7533,7646,5936,6091,9749,9880,7649,7570
40740,Roswell NM,23236,22923,63865,62375,48279,6029,6230,4662,4866,8243,8509,6425,6486
11900,Athens OH,22875,25568,63791,71810,54395,6872,7307,5107,5493,9398,9987,7718,8034
32300,Martinsville VA,27887,29348,63653,66656,50913,7563,7685,6029,6183,10012,10150,7575,7497
48200,Waynesville NC,28617,28954,63573,63178,52091,7305,7504,6007,6232,9914,10160,6963,6953
37580,Paris TX,26027,26233,63420,63474,49090,6505,6799,5186,5474,8762,9136,6565,6678
25770,Hemlock Farms PA,24148,25675,62825,67303,51670,7393,7752,6090,6436,10122,10594,7070,7230
47460,Walla Walla WA,23775,24573,62309,63083,49178,6265,6458,4935,5127,8597,8848,6387,6449
21420,Enid OK,25923,27119,62185,62909,46685,5964,6173,4657,4866,8121,8390,6113,6179
44260,Starkville MS,24123,24972,61986,64525,51052,5957,6244,4264,4521,7903,8265,6881,7065
26740,Hutchinson KS,24895,24447,61748,60683,47993,6268,6416,5002,5167,8536,8728,6255,6246
16100,Carlsbad-Artesia NM,24599,25978,61555,62569,46224,5702,6043,4480,4798,7883,8344,5907,6107
44780,Sturgis MI,23812,24442,61402,62747,46438,6100,6342,4865,5110,8371,8690,6179,6258
15660,Calhoun GA,21933,22857,61307,64502,47142,6120,6459,4800,5114,8393,8835,6398,6583
22260,Fergus Falls MN,26829,25881,61238,57409,48166,6258,6490,5158,5400,8521,8823,5910,5971
36580,Oneonta NY,22455,21243,60696,57978,51497,6272,6451,4964,5151,8578,8793,6358,6365
40860,Rutland VT,26082,26646,60448,62185,49539,6969,7127,5695,5876,9534,9724,6782,6748
26460,Hudson NY,25227,23642,60381,56964,50262,6610,6670,5467,5569,9023,9095,6214,6117
36620,Ontario OR-ID,21612,21756,60341,58317,45250,5516,5824,4331,4617,7548,7954,5688,5848
12740,Barre VT,25397,25958,60038,61945,48880,6577,6752,5340,5535,9058,9287,6463,6482
42380,Sayre PA,24897,25047,59949,59804,46793,6326,6548,5145,5376,8643,8930,6160,6210
20140,Dublin GA,22533,22143,59820,58998,46162,5851,6115,4517,4777,7732,8063,6161,6264
17500,Clewiston FL,22179,25286,59716,62227,46471,5455,6173,4133,4722,7413,8386,5889,6523
28680,Kingsland GA,21847,22442,59687,61303,45960,5505,5843,4216,4526,7480,7931,5861,6075
37300,Palestine TX,16045,17262,59612,65190,48780,6246,6651,4741,5112,8521,9065,6725,6980
38100,Picayune MS,22143,22872,59542,62433,46450,6233,6599,4934,5278,8436,8913,6354,6554
41460,Salina KS,24145,24239,59463,59508,45773,5941,6167,4721,4945,8111,8397,5993,6059
23380,Fremont OH,23286,20233,59159,52002,46231,5278,5466,4231,4422,7229,7467,5285,5338
20580,Eagle Pass TX,17038,17458,58861,62183,41898,5265,5672,3956,4313,7226,7777,5861,6144
31930,Marietta OH,25307,26075,58605,59699,47020,6571,6651,5307,5426,8965,9059,6487,6390
16180,Carson City NV,25110,27002,58430,60450,46875,6354,6489,5062,5214,8699,8872,6376,6362
35940,Norwalk OH,21560,26847,58379,73875,44683,7379,7614,5917,6162,10140,10444,7421,7464
28260,Kearney NE,24302,25912,58249,60113,44832,5576,5869,4348,4622,7669,8058,5764,5915
23500,Gaffney SC,21991,19717,58174,53090,45537,5223,5475,4036,4277,7006,7334,5550,5674
12860,Batavia NY,22444,22435,57880,58782,46109,6103,6294,4906,5106,8378,8619,6070,6093
48180,Waycross GA,22357,24047,57365,60938,43719,5911,6231,4592,4895,7933,8345,6200,6357
25775,Henderson KY,23299,23867,57291,58240,44369,5848,6069,4636,4859,7949,8232,5985,6065
20420,Durango CO,24238,24657,57223,57739,46945,5921,6098,4730,4919,8164,8394,5968,6000
34420,Mount Pleasant TX,20217,20687,57185,59306,41730,5416,5681,4202,4447,7355,7701,5745,5887
14700,Branson MO,23326,23761,57129,57064,45720,6319,6511,5117,5323,8565,8810,6172,6195
18620,Corsicana TX,21005,21980,56996,58551,42353,5262,5554,4059,4316,7145,7528,5622,5819
21460,Enterprise AL,22995,24245,56785,59470,43624,5599,5936,4371,4681,7575,8021,5826,6039
19220,Danville KY,20682,21452,56726,60309,44124,6035,6307,4764,5029,8216,8568,6204,6323
37220,Pahrump NV,21588,20522,56619,56288,47654,7107,7247,5946,6115,9570,9741,6536,6494
21220,Elko NV,20379,20186,56520,56297,42424,4942,5144,3856,4052,6886,7154,5160,5250
23980,Glasgow KY,23552,23945,56426,56232,43441,5600,5878,4428,4694,7624,7997,5776,5915
47660,Warrensburg MO,21093,21732,56154,57732,44079,5100,5427,3830,4122,7007,7447,5560,5779
21900,Fairmont WV,24189,25931,55983,58895,45031,6249,6394,4985,5155,8530,8709,6278,6257
28820,Kinston NC,23109,26341,55756,63195,43987,6583,6871,5142,5421,8672,9033,6821,6943
14380,Boone NC,21313,19611,55039,50791,48287,5188,5297,3815,3936,7096,7236,5864,5863
45660,Tiffin OH,21599,24106,54959,60902,42850,6157,6372,4905,5126,8434,8715,6236,6296
44580,Sterling IL,22521,22785,54864,55997,42912,5926,6107,4812,5009,8097,8329,5777,5806
36180,Ocean Pines MD,24141,25581,54748,57926,45303,6811,7036,5668,5902,9180,9453,6265,6308
43180,Shelbyville TN,20370,22306,54625,59071,40409,5214,5574,4047,4371,7142,7620,5477,5704
41760,Sandpoint ID,24000,24294,54598,53367,44064,5796,6203,4808,5194,7909,8445,5503,5731
37740,Payson AZ,23335,24047,54417,55304,44464,6705,6856,5559,5737,8969,9159,6195,6165
12780,Bartlesville OK,22244,23121,54404,54805,40969,5307,5524,4192,4405,7190,7476,5366,5460
28500,Kerrville TX,23339,23717,54311,54021,44212,6358,6522,5271,5451,8593,8797,5863,5866
42460,Scottsboro AL,22247,24558,54282,59836,43482,6353,6619,5082,5352,8634,8985,6419,6517
43760,Sonora CA,22841,22529,54245,52900,44803,6138,6303,5086,5269,8338,8542,5714,5707
20780,Edwards CO,19199,18192,54157,51687,42571,4777,4919,3736,3876,6687,6870,4989,5026
22780,Fort Leonard Wood MO,16523,18708,54109,59379,42729,5118,5284,3684,3844,7008,7235,5835,5907
27380,Jacksonville TX,19081,16216,53568,45896,40174,4257,4511,3291,3521,5754,6088,4474,4627
16060,Carbondale IL,23086,24716,53115,56744,43344,5556,5805,4181,4416,7496,7820,6066,6187
35020,Natchez MS-LA,20956,20113,53075,52442,41546,5428,5519,4124,4240,7004,7107,5870,5824
32620,McComb MS,19744,18891,52993,52007,40207,5219,5304,3977,4086,6783,6883,5626,5587
11740,Ashland OH,20767,20761,52744,52695,40841,5367,5563,4319,4523,7353,7606,5320,5362
38420,Platteville WI,19865,22301,52613,59097,41697,5703,6092,4484,4845,7835,8350,5817,6043
20060,Douglas GA,17984,18707,52469,55168,39730,4986,5224,3745,3963,6701,7013,5517,5654
24100,Gloversville NY,22284,20329,52373,46767,41845,5075,5181,4092,4218,6936,7065,5053,5026
24820,Greenville OH,20678,18875,51709,46774,39647,4823,4982,3896,4068,6589,6800,4742,4766
40300,Rochelle IL,20467,19901,51528,50311,40009,5109,5278,4133,4309,7029,7246,5014,5048
35440,Newport OR,23569,23676,51382,50967,42955,6186,6315,5147,5293,8361,8518,5799,5763
13940,Blackfoot ID,16406,16409,51260,50845,36481,4410,4630,3466,3678,6088,6384,4540,4649
23820,Gardnerville Ranchos NV-CA,21831,20868,51054,48873,43131,6010,6101,5088,5206,8184,8292,5390,5335
45700,Tifton GA,19282,20722,50958,55571,38856,5279,5509,4046,4266,7039,7331,5659,5758
20460,Durant OK,21174,22715,50845,52972,38855,4937,5237,3813,4093,6688,7086,5168,5340
15860,Canon City CO,17830,17324,50534,49924,42487,5632,5713,4483,4589,7680,7781,5665,5607
35700,Nogales AZ,16872,17972,50530,54245,37940,5106,5572,4011,4418,6980,7615,5346,5701
37120,Ozark AL,20652,21511,50331,52831,38818,5090,5326,3942,4167,6841,7141,5360,5477
49100,Winona MN,19579,19801,50224,50871,41327,5114,5270,3979,4142,7024,7231,5314,5355
18460,Cornelia GA,18480,20239,50185,53687,39099,5265,5665,4189,4547,7171,7699,5329,5588
32380,Mason City IA,22541,22937,49989,50172,39626,5381,5568,4380,4576,7335,7577,5204,5244
15620,Cadillac MI,20471,21229,49977,51072,38796,5244,5460,4226,4442,7171,7451,5211,5282
43460,Sikeston MO,20534,22600,49976,54080,38320,5402,5557,4238,4403,7281,7475,5610,5633
11220,Amsterdam NY,20268,24225,49909,59315,38631,5971,6147,4768,4954,8177,8406,6022,6060
36340,Oil City PA,20857,20239,49759,48427,40464,5522,5616,4517,4643,7522,7640,5346,5287
11620,Ardmore OK,19015,18773,49379,49302,37053,4587,4770,3567,3748,6239,6483,4795,4868
35220,New Castle IN,18264,18480,49350,50742,39033,5256,5424,4188,4369,7196,7411,5312,5327
45140,Tahlequah OK,19154,17975,49113,45387,38324,4240,4392,3178,3327,5671,5865,4570,4614
39420,Pullman WA,20694,22331,49055,51485,41669,4651,4922,3312,3542,6370,6736,5440,5643
15420,Burley ID,17425,18847,48828,51809,34426,4377,4650,3393,3632,6048,6421,4636,4828
35740,Norfolk NE,20120,21430,48826,50502,36939,4808,5045,3812,4037,6605,6923,4876,4996
23660,Galesburg IL,19929,20087,48768,49384,38977,5346,5536,4279,4477,7217,7461,5314,5360
34460,Mount Sterling KY,19441,20196,48451,50089,37320,4948,5169,3915,4132,6775,7064,5122,5215
40820,Ruston LA,18749,19811,48384,50168,39191,4720,4885,3389,3554,6200,6413,5452,5514
23940,Gillette WY,18134,18840,48215,49916,35678,4168,4401,3241,3455,5849,6163,4438,4581
39860,Red Wing MN,20513,21527,48197,50027,37782,5051,5223,4098,4274,6959,7178,4936,4978
43380,Sidney OH,17408,16244,48131,45956,36439,4418,4589,3536,3711,6088,6312,4433,4498
19620,Del Rio TX,15749,16337,48059,49626,35622,4625,4943,3586,3876,6316,6737,4840,5035
28340,Kendallville IN,17693,17437,48021,47900,36489,4485,4686,3566,3763,6213,6482,4587,4674
21260,Ellensburg WA,20459,21364,47798,49214,39729,4888,5078,3791,3974,6747,6989,5148,5220
42980,Seymour IN,18879,21019,47459,52133,35844,4838,5165,3831,4131,6653,7094,4927,5129
37500,Paragould AR,18864,19101,47247,47006,36300,4524,4717,3538,3730,6197,6453,4716,4794
13420,Bemidji MN,18661,19821,47148,48726,35738,4459,4614,3450,3607,6071,6275,4638,4692
34220,Moultrie GA,16650,16402,47031,47039,35229,4381,4686,3378,3655,5882,6283,4652,4844
39960,Rice Lake WI,20678,21175,47026,47126,37051,5098,5262,4159,4335,6936,7150,4919,4942
29980,Lawrenceburg TN,18678,21899,46924,53898,35469,5344,5575,4239,4469,7292,7594,5459,5546
38500,Plymouth IN,17506,17557,46749,46594,35371,4639,4801,3729,3900,6368,6580,4599,4634
34020,Morgan City LA,17454,17273,46738,46695,35719,4738,4805,3686,3777,6310,6392,4964,4919
43890,Sparta WI,18714,18748,46608,46469,34787,4427,4600,3534,3707,6096,6324,4466,4526
32860,Menomonie WI,18609,19475,46524,47748,37482,4583,4794,3555,3757,6320,6599,4798,4896
16660,Charleston-Mattoon IL,19669,19862,46450,46451,37691,4769,4882,3704,3832,6498,6644,4988,4988
17740,Coldwater MI,18481,20099,46342,48752,35839,4715,5085,3762,4099,6461,6956,4762,5000
13340,Bellefontaine OH,18300,19737,46278,50734,35564,5001,5169,4024,4199,6896,7116,4992,5035
17540,Clinton IA,19904,20027,46187,45728,35837,4753,4881,3827,3968,6488,6647,4706,4700
18100,Columbus NE,18217,20265,46172,50176,34182,4524,4928,3595,3954,6224,6775,4539,4818
30380,Lewistown PA,18547,17013,46168,42110,35862,4502,4635,3648,3798,6127,6297,4391,4396
47540,Wapakoneta OH,18584,18304,46130,45646,35384,4485,4630,3623,3777,6190,6379,4413,4439
18660,Cortland NY,17005,16730,46086,46184,37609,4597,4718,3568,3698,6325,6477,4826,4832
25460,Harrison AR,19483,21160,46006,49364,36003,5288,5464,4269,4458,7188,7418,5226,5257
43020,Shawano WI,19200,17500,45855,40865,35811,4205,4352,3388,3543,5719,5904,4132,4159
25880,Hillsdale MI,17757,16264,45809,42251,35847,4369,4484,3510,3638,5984,6132,4378,4371
14710,Brattleboro VT,20526,20236,45801,44582,37755,5006,5111,4090,4218,6841,6972,4865,4834
40620,Rolla MO,17857,18361,45791,47444,36235,4635,4869,3578,3800,6326,6636,4883,5002
10860,Alice TX,16150,17850,45742,49138,35704,5092,5333,4030,4268,6930,7250,5208,5317
24330,Grand Rapids MN,19837,19460,45716,44117,36470,4883,5038,4022,4191,6647,6845,4649,4666
32000,Marion NC,18951,19600,45584,46361,36711,4990,5151,3994,4161,6790,6995,5025,5054
49010,Winchester TN,17257,15942,45570,42497,36598,4362,4580,3466,3679,5947,6230,4433,4532
13260,Bedford IN,18984,19889,45473,47340,35814,4993,5114,4027,4167,6842,6994,4953,4940
31580,Madisonville KY,17919,18469,45430,46887,35229,4718,4916,3751,3947,6415,6675,4806,4883
14220,Bogalusa LA,17557,18019,45309,46497,35171,4737,4893,3683,3846,6304,6505,4964,5001
33940,Montrose CO,18471,19374,45145,46793,36351,5183,5456,4260,4523,7049,7398,4939,5053
20820,Effingham IL,18094,18381,45045,45652,34536,4486,4671,3609,3795,6175,6417,4458,4519
16340,Cedartown GA,16189,18917,44954,52869,34199,4907,5200,3794,4063,6667,7050,5206,5375
47820,Washington NC,19050,19878,44903,47111,36079,5237,5391,4226,4394,6988,7178,5175,5188
44500,Stephenville TX,13570,12371,44720,44860,35606,4147,4335,3135,3310,5696,5951,4519,4619
23620,Gainesville TX,17363,16157,44658,41033,34232,3961,4184,3165,3372,5427,5721,3965,4095
12140,Auburn IN,17200,16750,44628,43433,33918,4132,4328,3293,3486,5699,5962,4185,4271
48820,Willmar MN,18522,19728,44613,46146,34124,4439,4756,3558,3845,6056,6475,4383,4584
15460,Burlington IA-IL,19414,19578,44605,44321,34726,4669,4855,3779,3969,6332,6576,4554,4617
20340,Duncan OK,18120,18800,44428,45675,34344,4631,4808,3696,3879,6296,6527,4654,4700
32660,McMinnville TN,18014,19924,44069,48198,34213,4755,5028,3744,3997,6491,6853,4920,5073
33300,Milledgeville GA,13468,12458,43957,44188,36021,4345,4526,3249,3420,5727,5952,4746,4833
42740,Sedalia MO,17358,17735,43942,44184,32991,4133,4327,3239,3421,5657,5913,4285,4386
27540,Jasper IN,17228,17928,43751,45541,33508,4504,4690,3614,3801,6201,6440,4506,4560
32540,McAlester OK,17200,16435,43684,42118,33860,4234,4304,3295,3378,5706,5784,4356,4312
38620,Ponca City OK,17768,19146,43601,46528,32914,4620,4750,3644,3788,6260,6425,4675,4681
26500,Huntingdon PA,16487,17043,43578,45081,35953,4879,5017,3898,4050,6659,6836,4862,4869
34260,Mountain Home AR,20088,19658,43483,42201,36163,5349,5532,4458,4653,7168,7390,4910,4918
23300,Freeport IL,17663,17770,43170,43915,33898,4869,4925,3968,4055,6575,6640,4695,4621
36380,Okeechobee FL,15336,17848,42794,50541,33847,5256,5635,4148,4486,7095,7597,5301,5548
16380,Celina OH,16964,17498,42770,43319,32006,4150,4363,3357,3565,5713,5992,4069,4164
25780,Henderson NC,16723,18238,42586,46323,33147,4646,4821,3578,3752,6057,6271,4910,4981
40460,Rockingham NC,17517,17584,42314,42056,32948,4302,4370,3309,3391,5704,5781,4585,4553
34140,Moscow ID,17530,18904,42263,44884,34259,4090,4357,3079,3316,5635,5995,4462,4638
48940,Wilmington OH,16637,19006,42226,48485,32809,4767,4958,3803,3993,6559,6808,4833,4903
20900,El Campo TX,15756,16410,42206,43527,31908,4184,4356,3280,3446,5685,5914,4357,4430
34700,Muscatine IA,16422,17110,42198,43477,32260,4247,4357,3377,3499,5847,5987,4312,4317
46980,Vicksburg MS,16441,16028,42171,41829,32178,4086,4174,3143,3249,5377,5484,4335,4312
30260,Lewisburg PA,13682,13515,42154,39931,34404,4264,4336,3418,3512,5819,5910,4195,4160
38740,Poplar Bluff MO,17744,17065,42045,39607,32078,4082,4149,3234,3320,5519,5601,4185,4144
15340,Bucyrus OH,17491,18616,41842,44757,32604,4672,4826,3760,3924,6378,6574,4652,4672
21020,Elizabeth City NC,17495,18675,41807,42580,32837,4158,4344,3208,3391,5526,5763,4359,4436
13660,Big Rapids MI,16362,16010,41799,41737,33716,4349,4527,3443,3626,5935,6170,4448,4510
10100,Aberdeen SD,18803,19209,41689,41206,32031,4089,4162,3252,3343,5601,5694,4102,4073
10940,Alma MI,14767,16136,41647,44583,33493,4502,4649,3511,3663,6160,6348,4673,4698
40540,Rock Springs WY,15434,15281,41394,41736,30910,3694,3789,2875,2970,5145,5274,3909,3941
11820,Astoria OR,18665,18563,41193,39905,33478,4435,4463,3617,3672,6065,6094,4298,4221
24740,Greenville MS,14608,13749,41113,40379,30803,3906,3926,2896,2952,4994,5015,4369,4285
48460,West Plains MO,16784,17815,41106,43103,31311,4475,4608,3570,3717,6077,6246,4543,4551
48780,Williston ND,19501,23720,40935,45703,29170,3403,3733,2564,2838,4741,5201,3677,3965
12380,Austin MN,16866,18045,40904,42687,30673,4028,4280,3194,3423,5491,5815,4009,4163
10760,Alexander City AL,16696,14511,40881,35407,32738,3977,4067,3197,3305,5308,5419,3957,3934
25580,Hastings NE,17392,18012,40833,41475,31033,4121,4269,3309,3459,5645,5839,4099,4133
40940,Safford AZ,13167,14199,40704,42393,30100,3530,3909,2691,3022,4819,5329,3742,4024
32260,Marshalltown IA,15962,16727,40466,41830,30806,4021,4242,3209,3414,5514,5806,4036,4157
26340,Houghton MI,14913,15141,40302,41247,32301,4103,4305,3179,3371,5601,5867,4280,4377
10820,Alexandria MN,17587,18959,40250,42632,31495,4546,4726,3743,3929,6205,6438,4285,4330
21580,Espanola NM,16357,19004,40093,46193,31091,4820,5002,3834,4022,6524,6754,4882,4926
40180,Riverton WY,15478,15720,39939,40195,30086,3875,4009,3064,3206,5256,5432,3909,3936
42780,Selinsgrove PA,14836,14987,39850,40153,31763,4182,4339,3353,3514,5725,5926,4155,4188
14620,Bradford PA,15700,15070,39667,38407,31922,4092,4173,3266,3361,5600,5695,4147,4113
35140,Newberry SC,15743,16976,39493,42358,31012,4332,4570,3430,3657,5790,6095,4399,4513
29470,Lake of the Woods VA,15592,20057,39384,50876,31081,5065,5336,4124,4387,6943,7297,4914,5054
29660,Laramie WY,17422,18915,39291,41644,33263,3739,4016,2720,2957,5156,5535,4252,4469
48220,Weatherford OK,16200,17031,39256,39800,29851,3642,3782,2790,2925,4982,5166,3872,3927
34660,Murray KY,16283,17039,39211,40323,32038,3947,4215,3027,3270,5377,5733,4216,4392
25300,Hannibal MO,16069,15180,39131,36575,30257,3724,3815,2973,3076,5077,5193,3743,3737
46500,Urbana OH,15167,14672,39114,38292,30355,3831,3978,3088,3240,5271,5463,3797,3841
44860,Sulphur Springs TX,14996,15414,39074,39770,29841,3827,4043,3033,3233,5226,5506,3909,4025
19860,Dickinson ND,19521,22358,38973,40174,28854,3508,3767,2749,2980,4837,5180,3581,3752
14300,Bonham TX,14236,14426,38972,38994,30867,3852,4059,3036,3231,5271,5540,3944,4053
15220,Brownwood TX,14720,14422,38964,38814,31172,4104,4198,3261,3365,5603,5729,4170,4174
38260,Pittsburg KS,15992,16556,38935,39999,30517,3848,3962,2944,3062,5263,5409,4135,4154
18820,Crawfordsville IN,15676,16123,38895,39778,29944,3954,4114,3156,3317,5426,5634,3973,4024
19580,Defiance OH,15185,15231,38787,39064,30185,3904,4095,3127,3313,5353,5605,3898,3982
15820,Campbellsville KY,15157,15569,38615,39623,29875,3975,4147,3155,3327,5414,5638,4049,4108
46860,Vernal UT,12061,12141,38540,39401,26671,3053,3290,2327,2536,4226,4550,3284,3460
44460,Steamboat Springs CO,16480,17060,38527,39064,30755,3733,3893,2969,3127,5215,5431,3836,3920
12900,Batesville AR,14901,14349,38523,37367,29343,3702,3825,2914,3040,5046,5206,3830,3856
10220,Ada OK,15638,16291,38522,40109,28980,3668,3805,2819,2951,4957,5127,3838,3881
15740,Cambridge OH,15644,15842,38474,39054,30061,4093,4209,3294,3423,5583,5731,4104,4102
20660,Easton MD,16240,16251,38437,38662,31395,4595,4762,3860,4026,6168,6370,4123,4172
28620,Kill Devil Hills NC,16411,16523,38436,38687,31624,4256,4383,3537,3672,5871,6034,4058,4077
30280,Lewisburg TN,15272,16193,38313,40038,29767,3751,4056,2960,3237,5147,5558,3872,4076
14180,Blytheville AR,14389,14013,38170,37711,28312,3474,3549,2628,2710,4624,4718,3800,3800
14720,Breckenridge CO,16418,17215,38154,38983,31946,3703,3874,2884,3049,5209,5436,3900,3976
23780,Garden City KS,13262,14247,38126,40315,26673,3123,3398,2353,2585,4324,4701,3423,3644
35460,Newport TN,15924,16028,38078,38601,30379,4201,4335,3379,3520,5705,5877,4238,4265
14780,Brenham TX,14402,14999,38069,39843,29947,4005,4261,3196,3429,5391,5724,3945,4113
24600,Greencastle IN,14077,15347,38051,41188,30699,4100,4277,3240,3416,5650,5882,4168,4235
30820,Lock Haven PA,15709,14319,37961,34085,30218,3510,3605,2776,2880,4804,4924,3576,3576
23340,Fremont NE,15812,17372,37953,41143,28584,3998,4239,3224,3448,5470,5789,3934,4061
30900,Logansport IN,14596,14735,37646,38218,29278,3880,4040,3083,3238,5304,5510,3947,4000
36940,Owatonna MN,14923,15240,37546,38156,28405,3735,3866,3012,3146,5131,5301,3675,3712
47620,Warren PA,16536,16225,37471,36205,30180,4117,4176,3364,3448,5609,5679,3988,3930
27300,Jacksonville IL,14789,14421,37355,36840,30060,3959,4013,3168,3245,5390,5454,3936,3895
18740,Coshocton OH,14852,14141,37250,34872,28531,3515,3674,2809,2970,4793,5000,3551,3609
13540,Bennington VT,15961,15860,37210,36562,30189,4109,4164,3371,3450,5609,5677,3942,3892
26540,Huntington IN,14347,15432,37127,40913,29224,4081,4220,3257,3400,5617,5801,4117,4157
11580,Arcadia FL,12707,13272,37077,38729,30375,4091,4354,3188,3422,5503,5848,4212,4377
22190,Fayetteville TN,14968,15796,37050,39159,28960,3980,4175,3203,3392,5432,5689,3973,4062
20980,El Dorado AR,15253,14756,37043,35713,28218,3646,3680,2843,2904,4832,4874,3785,3726
38380,Plainview TX,12158,12274,36970,38368,27709,3582,3711,2735,2867,4905,5082,3862,3898
30060,Lebanon MO,14937,15815,36963,38707,27777,3779,3954,2992,3166,5160,5391,3872,3944
22700,Fort Dodge IA,14973,15364,36959,37446,29399,3813,3989,3020,3194,5196,5430,3835,3914
32460,Mayfield KY,14747,16914,36942,41465,28284,4151,4319,3305,3474,5664,5883,4224,4282
26780,Hutchinson MN,15004,15693,36912,38408,28740,3902,4036,3154,3293,5363,5534,3816,3840
21540,Escanaba MI,16492,16927,36898,37798,29851,4310,4388,3534,3630,5858,5953,4157,4123
19760,DeRidder LA,14286,15731,36885,40289,27640,3702,3858,2896,3048,5060,5266,3844,3909
20540,Dyersburg TN,14762,14382,36627,35519,28000,3494,3580,2735,2825,4724,4827,3672,3680
19540,Decatur IN,13082,13413,36585,36648,25441,3198,3400,2533,2722,4390,4664,3240,3355
15100,Brookings SD,14793,15757,36565,37890,29253,3334,3563,2483,2688,4600,4909,3655,3813
16460,Centralia IL,15274,17005,36557,41761,27795,4270,4345,3396,3491,5811,5899,4319,4274
42420,Scottsbluff NE,15095,15367,36501,36700,28098,3754,3864,3003,3116,5121,5261,3738,3761
13060,Bay City TX,14382,15509,36491,38389,27757,3751,3950,2957,3139,5087,5347,3837,3943
15580,Butte-Silver Bow MT,16627,17240,36471,37263,29107,3882,4005,3088,3216,5308,5466,3922,3945
42300,Sault Ste. Marie MI,13862,13920,36461,36607,29895,3855,3930,2998,3089,5200,5293,3979,3951
27220,Jackson WY-ID,14879,15684,36238,37527,29464,3566,3748,2839,3006,4992,5239,3629,3729
34500,Mount Vernon IL,14931,14702,36227,35258,28188,3632,3710,2889,2984,4944,5040,3669,3647
47080,Vidalia GA,13795,14631,36204,38337,27373,3648,3831,2809,2985,4871,5107,3860,3953
35060,Natchitoches LA,14467,13883,36026,34944,27792,3370,3410,2502,2560,4436,4487,3757,3716
47180,Vincennes IN,15213,15625,36025,36306,28357,3685,3822,2923,3065,5045,5218,3729,3764
37940,Peru IN,13778,13992,35772,35527,28279,3599,3685,2826,2928,4926,5040,3700,3690
36900,Ottumwa IA,14975,15973,35692,37330,27377,3597,3848,2850,3077,4907,5240,3658,3816
19810,Detroit Lakes MN,14931,15253,35622,35497,27266,3636,3748,2952,3072,4962,5103,3546,3556
38700,Pontiac IL,15253,14458,35502,32767,27847,3328,3410,2657,2749,4559,4662,3326,3321
24900,Greenwood MS,13887,13293,35465,33553,26802,3298,3326,2459,2507,4236,4267,3644,3587
42820,Selma AL,13382,12825,35453,35252,27438,3681,3722,2792,2859,4699,4745,3979,3917
33380,Minden LA,14521,15006,35251,37022,27240,3892,3978,3023,3125,5128,5230,4095,4067
21380,Emporia KS,14097,14528,35123,36348,27634,3494,3689,2706,2889,4793,5057,3689,3800
15020,Brookhaven MS,13587,12087,35102,31547,27022,3124,3241,2415,2531,4153,4298,3325,3360
11420,Angola IN,13984,14576,35082,36211,28064,3794,3947,3082,3237,5217,5415,3712,3760
45340,Taos NM,16331,17427,34610,36374,28630,4382,4496,3610,3740,5908,6057,4188,4188
18420,Corinth MS,13061,12555,34467,34349,27012,3626,3700,2865,2951,4883,4974,3724,3709
29900,Laurinburg NC,11412,10501,34342,32249,26892,3185,3307,2411,2530,4158,4308,3433,3484
37800,Pella IA,14024,14802,34278,35230,26362,3489,3638,2812,2962,4796,4992,3429,3486
11680,Arkansas City-Winfield KS,13162,13072,34270,34044,26255,3398,3459,2675,2746,4635,4709,3478,3458
39040,Port Townsend WA,17157,17334,34256,33271,30017,4508,4667,3879,4043,6063,6261,3919,3947
14820,Brevard NC,15746,17243,34230,36258,28798,4466,4632,3734,3907,6019,6227,4072,4103
37950,Petoskey MI,14545,14891,34157,35059,28001,3926,3993,3214,3299,5375,5454,3776,3735
47780,Washington IN,12469,12173,34113,32170,24330,2853,3039,2250,2421,3921,4168,2921,3029
35820,North Platte NE,14535,14357,34090,33311,26071,3414,3483,2751,2834,4665,4753,3380,3359
19980,Dodge City KS,10167,10023,34022,34973,24007,2795,2983,2113,2274,3880,4137,3058,3193
11140,Americus GA,12815,13273,33685,36185,26141,3471,3644,2590,2756,4538,4764,3830,3917
19940,Dixon IL,12933,13136,33645,34333,27196,3689,3744,2952,3028,5041,5107,3671,3631
31680,Malvern AR,11952,11078,33622,31893,26937,3335,3409,2618,2703,4512,4604,3466,3457
15700,Cambridge MD,14062,13805,33402,32728,26427,3478,3634,2784,2938,4622,4816,3455,3518
32280,Martin TN,13888,13450,33381,31594,27045,3282,3358,2536,2625,4439,4537,3457,3441
45380,Taylorville IL,13252,14319,33346,35414,26848,3747,3842,2981,3089,5137,5248,3778,3762
43260,Sheridan WY,14375,15151,33252,35169,26391,3627,3851,2958,3173,4963,5261,3507,3629
45980,Troy AL,13466,14291,33247,35704,27159,3565,3664,2652,2752,4692,4808,3946,3965
37540,Paris TN,14348,14363,33244,32964,26505,3603,3761,2907,3064,4864,5067,3572,3627
31500,Madison IN,13046,12649,33111,31848,26560,3320,3405,2638,2733,4547,4655,3391,3387
23140,Frankfort IN,12016,12674,32959,34994,24362,3259,3390,2566,2696,4484,4662,3359,3407
42900,Seneca Falls NY,13472,12738,32785,30626,26204,3177,3326,2543,2689,4345,4541,3194,3254
15900,Canton IL,12962,12795,32607,32744,26255,3568,3596,2859,2909,4875,4900,3569,3495
22800,Fort Madison IA,14505,14715,32519,31851,25737,3440,3477,2772,2828,4692,4731,3420,3368
27700,Jesup GA,12044,12453,32519,33153,25063,3127,3334,2413,2597,4204,4471,3337,3476
25200,Hailey ID,12803,12287,32158,31138,25474,3091,3232,2489,2624,4279,4473,3093,3156
40770,Russellville AL,12598,13986,31924,34604,24338,3430,3560,2697,2826,4671,4840,3564,3607
27940,Juneau AK,12419,12368,31676,31766,25220,2912,2977,2261,2325,4044,4127,3049,3060
17650,Cody WY,14466,15694,31317,32571,25106,3550,3717,2924,3092,4842,5062,3366,3429
13300,Beeville TX,7504,7036,31181,31231,25610,2966,3082,2178,2287,4079,4238,3361,3424
13700,Big Spring TX,11991,12673,31062,31851,24310,2978,3097,2292,2408,4109,4268,3176,3228
47340,Wabash IN,12209,12112,30893,31165,24504,3364,3461,2731,2840,4593,4715,3258,3253
27020,Iron Mountain MI-WI,13849,13701,30835,30366,24925,3423,3505,2810,2904,4669,4774,3292,3282
29780,Las Vegas NM,13086,13517,30646,31300,25448,3756,3793,3039,3103,5076,5119,3743,3676
33060,Miami OK,11930,14659,30568,36137,22974,3699,3811,2916,3044,4983,5125,3771,3771
33420,Mineral Wells TX,11822,12033,30534,31189,23568,3098,3272,2492,2654,4244,4473,3104,3199
10660,Albert Lea MN,13220,12548,30477,28696,23767,3127,3147,2540,2579,4249,4274,3014,2966
24980,Grenada MS,12473,12660,30444,31090,23340,3207,3257,2478,2544,4195,4250,3366,3337
32700,McPherson KS,12363,13384,30437,32085,23953,3237,3363,2588,2712,4430,4596,3210,3256
46460,Union City TN,12621,12114,30427,29335,23840,3073,3160,2441,2532,4156,4264,3132,3138
28780,Kingsville TX,10997,11176,30359,30851,23564,2959,3102,2260,2401,4018,4206,3152,3208
22820,Fort Morgan CO,11627,12819,30302,32531,22770,2917,3170,2289,2513,4019,4361,3007,3185
41260,St. Marys PA,13435,13731,30219,30660,24461,3494,3555,2866,2946,4771,4843,3356,3316
28860,Kirksville MO,11856,12831,29787,32206,24099,3058,3239,2309,2474,4157,4394,3317,3426
34300,Mountain Home ID,11406,11895,29777,30388,22901,2724,2885,2058,2206,3739,3958,2952,3050
12460,Bainbridge GA,11184,11202,29544,29862,22662,2853,2995,2163,2299,3752,3934,3067,3140
47980,Watertown SD,12859,13180,29481,29577,22604,2899,3040,2319,2457,3974,4158,2881,2943
31220,Ludington MI,12564,12464,29265,28458,23229,3197,3249,2631,2701,4351,4414,3058,3021
43940,Spearfish SD,13719,14869,29200,30720,24394,3296,3536,2673,2899,4497,4820,3228,3371
10980,Alpena MI,12911,13302,29137,29661,23660,3402,3480,2775,2868,4621,4718,3309,3295
25700,Hays KS,12177,12723,29117,29708,23216,2783,2889,2122,2221,3835,3977,2985,3038
23680,Gallipolis OH,11709,12078,29045,29719,22523,3084,3159,2468,2554,4209,4299,3105,3093
46780,Van Wert OH,11893,10276,29018,24768,22409,2509,2597,2022,2115,3437,3552,2482,2502
47920,Washington Court House OH,11653,10546,28912,26029,22220,2607,2674,2068,2143,3571,3655,2675,2672
45580,Thomaston GA,11445,10870,28584,26935,22209,2686,2792,2089,2198,3584,3719,2815,2846
23240,Fredericksburg TX,12825,13065,28364,28251,22644,3309,3462,2792,2944,4472,4668,2933,2992
17380,Cleveland MS,10778,10634,28362,28340,21700,2873,2803,2132,2107,3704,3614,3198,3053
10480,Alamosa CO,10248,9410,28053,27125,21506,2566,2664,1972,2071,3506,3634,2748,2782
45000,Susanville CA,9455,8832,27830,25663,22287,2844,2605,2192,2025,3899,3569,2971,2667
45740,Toccoa GA,10892,12993,27779,33413,21882,3475,3681,2775,2971,4689,4955,3485,3585
43500,Silver City NM,12237,12268,27664,27341,22775,3357,3409,2761,2823,4510,4580,3204,3183
30660,Lincoln IL,11001,10648,27657,26540,22283,2771,2818,2194,2251,3784,3840,2812,2790
18860,Crescent City CA,11673,13688,27342,29182,21780,2790,3044,2178,2399,3789,4120,2875,3063
21180,Elkins WV,11176,11684,27302,27865,22381,3148,3192,2525,2586,4282,4332,3143,3102
28380,Kennett MO,10873,10551,27076,26387,20488,2703,2728,2128,2168,3652,3678,2799,2750
31380,Macomb IL,11390,11282,26710,26317,21903,2744,2817,2116,2194,3710,3801,2883,2885
45520,The Dalles OR,11088,11153,26660,26224,20723,2687,2759,2150,2227,3679,3773,2688,2698
21640,Eufaula AL-GA,9605,8890,26640,24551,21437,2661,2722,2056,2127,3464,3541,2778,2773
24700,Greensburg IN,10465,10912,26568,27559,20329,2726,2806,2186,2276,3755,3860,2727,2732
15780,Camden AR,11299,10872,26504,25800,20800,2746,2775,2161,2208,3635,3666,2828,2776
36840,Ottawa KS,10471,11233,26409,28139,20233,2705,2827,2155,2274,3734,3894,2742,2795
30420,Lexington NE,10011,10619,26222,27491,18935,2398,2619,1890,2080,3287,3581,2442,2603
21980,Fallon NV,10612,10803,26187,26128,20651,2694,2794,2160,2260,3675,3801,2661,2689
29260,La Grande OR,11014,11065,26159,26092,20318,2671,2722,2130,2190,3642,3704,2672,2659
30180,Le Mars IA,10802,10849,25886,25234,19536,2451,2561,1990,2101,3371,3518,2382,2427
33580,Mitchell SD,11493,11851,25878,26021,19621,2603,2681,2088,2172,3555,3654,2573,2584
19700,Deming NM,9984,10024,25877,25732,18973,2637,2799,2106,2258,3546,3756,2647,2733
35580,New Ulm MN,11153,11748,25765,26855,20332,2849,2941,2317,2416,3893,4011,2741,2752
32140,Marshall MN,10608,11333,25596,26674,19070,2512,2612,1987,2084,3437,3570,2553,2593
44900,Summerville GA,10611,12079,25530,27958,19874,2836,2950,2210,2322,3834,3983,2987,3024
46620,Uvalde TX,8823,9285,25261,26177,19704,2646,2835,2084,2261,3603,3852,2704,2812
33900,Monticello IN,10191,11495,24965,27578,19249,2843,2980,2309,2445,3893,4075,2785,2834
24460,Great Bend KS,10302,10382,24910,25108,18849,2571,2625,2060,2124,3498,3566,2551,2534
11060,Altus OK,9586,9700,24584,24904,18534,2296,2385,1768,1859,3133,3255,2420,2453
33020,Mexico MO,9428,9098,24401,22712,18661,2315,2366,1828,1888,3145,3210,2379,2366
33620,Moberly MO,9491,10345,24085,26175,18717,2660,2663,2079,2104,3633,3632,2771,2704
26220,Hood River OR,9130,9027,23781,23351,18194,2234,2287,1779,1837,3101,3169,2258,2259
49460,Yankton SD,10138,10275,23629,23298,18695,2414,2502,1940,2033,3303,3420,2364,2390
18220,Connersville IN,9413,9220,23524,23337,18278,2441,2488,1956,2015,3333,3392,2475,2451
21740,Evanston WY-UT,8780,8643,23499,22956,16993,2072,2144,1652,1724,2872,2966,2109,2131
32180,Marshall MO,9096,10126,23358,24811,18143,2396,2527,1866,1989,3256,3427,2479,2551
33180,Middlesborough KY,9744,9885,23181,23355,18173,2506,2502,1963,1978,3394,3385,2644,2576
47420,Wahpeton ND-MN,9631,10013,23052,23583,18179,2380,2483,1896,2000,3258,3396,2370,2410
15060,Brookings OR,11146,10632,22888,21417,19633,2956,2878,2511,2462,3976,3868,2648,2517
21120,Elk City OK,8482,8266,22344,21121,17086,1935,2009,1455,1525,2645,2742,2116,2150
36820,Oskaloosa IA,8836,8338,22096,20707,16842,2047,2143,1636,1731,2798,2921,2038,2078
31620,Magnolia AR,7248,6921,22091,22607,17639,2281,2311,1722,1761,3027,3063,2474,2446
22620,Forrest City AR,6932,6954,21871,23136,17334,2355,2369,1754,1782,3073,3082,2612,2566
49380,Worthington MN,8239,8474,21838,21954,16028,1977,2074,1530,1620,2708,2842,2071,2123
13100,Beatrice NE,9435,9374,21827,21500,16867,2268,2343,1839,1921,3090,3191,2202,2216
37420,Pampa TX,7734,7810,21754,22427,16271,2172,2250,1711,1791,2969,3073,2233,2259
20300,Dumas TX,7099,7194,21739,22351,14765,1664,1845,1239,1386,2289,2536,1851,2010
27420,Jamestown ND,9714,10190,21571,21737,17191,2257,2347,1801,1891,3082,3195,2258,2291
11660,Arkadelphia AR,8010,8468,21158,22753,17127,2275,2311,1718,1764,3057,3102,2473,2452
30580,Liberal KS,6814,6929,21151,21866,14449,1685,1760,1244,1310,2334,2439,1910,1957
36830,Othello WA,6444,6535,21078,21400,13950,1609,1699,1205,1281,2237,2360,1808,1869
47240,Vineyard Haven MA,9933,10483,21017,21389,17181,2369,2480,1978,2089,3243,3388,2194,2235
44540,Sterling CO,7813,7887,20879,20770,17256,2177,2258,1707,1789,2974,3080,2224,2248
39220,Price UT,8064,7411,20743,19065,15507,1811,1881,1426,1501,2475,2564,1870,1889
44740,Storm Lake IA,8146,9057,20703,22091,14892,1881,2002,1455,1562,2582,2747,1969,2055
38180,Pierre SD,9268,9927,20613,21011,15683,2038,2099,1632,1698,2794,2874,2022,2029
32340,Maryville MO,8105,7916,20531,20403,17103,2061,2135,1568,1640,2812,2908,2213,2233
23190,Franklin KY,8186,8012,20490,19702,15805,1857,1948,1436,1521,2531,2648,1973,2020
16140,Carroll IA,8909,9334,20476,21062,15716,2217,2272,1809,1873,3027,3095,2125,2121
25100,Guymon OK,7380,8043,20434,21689,14772,1879,1988,1435,1530,2578,2724,2031,2101
40760,Ruidoso NM,9468,9633,20109,20311,16623,2493,2502,2052,2079,3351,3362,2353,2305
39700,Raymondville TX,5130,4988,20101,20352,15869,1971,2013,1484,1531,2706,2761,2163,2154
49260,Woodward OK,8012,8106,20005,19597,15001,1800,1857,1394,1450,2476,2550,1883,1900
38920,Port Lavaca TX,7273,7311,20002,20310,15156,1978,2077,1578,1674,2707,2839,1981,2024
17260,Clarksdale MS,7022,6567,19997,19615,14749,1817,1873,1332,1388,2300,2371,2048,2065
14420,Borger TX,7950,8457,19783,21064,14876,2033,2043,1601,1623,2792,2805,2097,2062
31060,Los Alamos NM,8836,9445,19727,20453,15442,1908,2039,1555,1675,2667,2843,1838,1920
21860,Fairmont MN,8753,8794,19625,19459,15400,2136,2193,1751,1820,2907,2984,2030,2032
26700,Huron SD,8721,9232,19533,19922,14235,1849,1955,1461,1558,2511,2650,1846,1908
18380,Cordele GA,7747,7612,19529,19363,15024,1975,2022,1531,1587,2592,2652,2073,2066
11380,Andrews TX,7150,7874,18979,19947,12850,1455,1552,1096,1180,2043,2180,1614,1692
13860,Bishop CA,8353,8706,18539,18765,14424,1983,2025,1587,1641,2681,2735,1928,1917
25820,Hereford TX,6160,6193,18454,18674,13077,1556,1640,1174,1250,2149,2267,1721,1772
44020,Spirit Lake IA,8229,8496,18250,18290,14721,2101,2176,1758,1839,2856,2952,1918,1933
49080,Winnemucca NV,6970,7448,17130,17765,12755,1619,1679,1272,1333,2246,2324,1689,1707
22340,Fitzgerald GA,6505,6798,17018,18393,12849,1842,1880,1415,1461,2426,2472,1965,1957
12520,Baker City OR,7720,7680,16851,17651,13573,2053,2090,1681,1727,2781,2824,1960,1941
43980,Spencer IA,7410,7164,16558,15802,12809,1674,1720,1356,1409,2275,2340,1621,1626
11860,Atchison KS,5848,5783,16284,16144,12764,1569,1629,1219,1277,2139,2216,1643,1668
43660,Snyder TX,6118,6195,16269,16138,12317,1526,1592,1181,1246,2094,2181,1594,1614
46820,Vermillion SD,5674,5918,15329,15789,12726,1440,1484,1048,1091,1981,2042,1632,1651
34880,Nantucket MA,6355,6900,14666,15203,11491,1470,1562,1203,1290,2039,2164,1423,1475
45020,Sweetwater TX,5720,6133,14206,15084,10585,1533,1559,1217,1249,2087,2118,1562,1548
49820,Zapata TX,4110,4057,13828,14102,9709,1257,1330,972,1040,1714,1810,1352,1394
28540,Ketchikan AK,5410,6357,13713,15976,10803,1478,1528,1152,1203,2026,2092,1533,1546
46900,Vernon TX,4791,4694,12497,12147,9682,1207,1231,935,964,1639,1668,1279,1275
45880,Town of Pecos TX,5088,5814,12112,12587,9361,1155,1220,871,930,1590,1682,1261,1303
