geo_level,rank,market,healthcare_total,healthcare_per_hh,health_insurance_total,health_insurance_per_hh,medical_services_total,medical_services_per_hh,prescription_drugs_total,prescription_drugs_per_hh,households
dma,1,New York,51374144100,6314.58,34323209800,4218.79,10290090800,1264.79,1701810700,209.18,8135797
dma,2,Los Angeles,38116012000,6371.76,25492576200,4261.53,7527334700,1258.33,1270089000,212.32,5982023
dma,3,Chicago,22034897300,6134.75,14709925900,4095.4,4366292400,1215.62,745018800,207.42,3591817
dma,4,Dallas-Ft.Worth,20343713900,6093.61,13590253000,4070.73,4021061600,1204.44,676870900,202.75,3338532
dma,5,Philadelphia,20055264100,6172.99,13388150800,4120.86,3966297200,1220.82,686658800,211.35,3248874
dma,6,San Francisco-Oakland-San Jose,19240597200,6596.53,12944873300,4438.07,3925781000,1345.93,587957300,201.58,2916776
dma,7,Boston,18085451500,6578.52,11885323000,4323.24,3790669000,1378.84,625915400,227.67,2749167
dma,8,"Washington, DC",17312712300,6177.38,11604316400,4140.56,3501443600,1249.36,551727400,196.86,2802598
dma,9,Houston,17285173300,6035.4,11600976800,4050.67,3358173000,1172.56,575860100,201.07,2863965
dma,10,Atlanta,16500716100,5792.67,11181694600,3925.4,3122302100,1096.1,538259200,188.96,2848551
dma,11,Seattle-Tacoma,15089534100,6436.25,10001651100,4266.08,3102708500,1323.42,506398500,216,2344461
dma,12,"Tampa-St.Petersburg, Sarasota",14484810400,6228.34,9630534200,4141.04,2798241100,1203.22,531989400,228.75,2325629
dma,13,Phoenix,14184288800,6336.01,9374269400,4187.41,2826629400,1262.63,512487000,228.92,2238678
dma,14,Minneapolis-St. Paul,12809396200,6391.37,8434488100,4208.47,2627290500,1310.91,451534500,225.3,2004171
dma,15,Denver,12470045200,6409.23,8161449000,4194.74,2613862200,1343.45,437338500,224.78,1945639
dma,16,Orlando-Daytona Beach-Melbourne,12363922700,6192.36,8238465300,4126.16,2383340900,1193.68,448006400,224.38,1996641
dma,17,Detroit,11842035300,5976.88,7930069200,4002.44,2288364200,1154.98,406732300,205.28,1981307
dma,18,Miami-Ft. Lauderdale,11021605700,6042.56,7364841200,4037.75,2103791800,1153.4,387337500,212.36,1823996
dma,19,Sacramento-Stockton-Modesto,9881029000,6397.45,6598027000,4271.88,1950216900,1262.66,338837800,219.38,1544526
dma,20,Cleveland,9506816200,6030.86,6325712900,4012.86,1836128800,1164.79,338703400,214.86,1576362
dma,21,"Portland, OR",9153754600,6439.25,6025747000,4238.84,1867961900,1314.03,326594500,229.74,1421556
dma,22,Charlotte,8486335300,5970.42,5680673000,3996.54,1638644300,1152.84,291452700,205.05,1421397
dma,23,Raleigh-Durham,8138495600,5824.33,5482659700,3923.67,1551522500,1110.35,272299100,194.87,1397327
dma,24,Nashville,8062901700,6107.62,5345315000,4049.06,1586446700,1201.73,284596200,215.58,1320138
dma,25,St. Louis,7866334500,6110.62,5232057400,4064.3,1545203400,1200.32,277608200,215.65,1287322
dma,26,San Diego,7587703200,6489.13,5030216100,4301.93,1554360200,1329.32,257079900,219.86,1169294
dma,27,Pittsburgh,7571199700,6230.85,4999834600,4114.7,1498821600,1233.48,275155100,226.44,1215115
dma,28,Salt Lake City,7565493300,6524.72,4951443800,4270.28,1579315200,1362.05,273290600,235.69,1159512
dma,29,Indianapolis,7464664100,6073.8,4950121200,4027.78,1467830200,1194.33,261411800,212.7,1228994
dma,30,Baltimore,7123887500,6006.02,4793644700,4041.44,1395590300,1176.6,235457000,198.51,1186125
dma,31,San Antonio,7051305800,6197.22,4665191900,4100.12,1387235000,1219.21,252756600,222.14,1137818
dma,32,Hartford & New Haven,7011385600,6387.64,4629791900,4217.92,1423167300,1296.56,246988200,225.02,1097649
dma,33,Austin,6614675300,6239.07,4357919600,4110.46,1366544000,1288.95,222558300,209.92,1060202
dma,34,Kansas City,6578707100,6161.15,4351258700,4075.08,1314555000,1231.12,231682400,216.98,1067773
dma,35,"Columbus, OH",6446020200,6060.06,4281435100,4025.08,1272608100,1196.41,222849500,209.51,1063689
dma,36,Greenville-Spartanburg-Asheville-Anderson,6323203800,6095.12,4208516900,4056.71,1209820300,1166.18,231383600,223.04,1037421
dma,37,West Palm Beach-Ft. Pierce,6233597500,6336.37,4153002500,4221.47,1210374600,1230.33,231315500,235.13,983781
dma,38,Cincinnati,6027862200,6171.43,3993786200,4088.91,1196280200,1224.77,213030300,218.1,976737
dma,39,Milwaukee,5829403000,6145.32,3860603900,4069.82,1155702700,1218.33,205240400,216.36,948592
dma,40,Harrisburg-Lancaster-Lebanon-York,5449177000,6425.24,3594576100,4238.44,1091526700,1287.04,199422700,235.14,848089
dma,41,Las Vegas,5434902900,5973.48,3666773100,4030.14,1020315200,1121.43,182470600,200.55,909839
dma,42,"Jacksonville, Brunswick",5276888600,6026.29,3531834000,4033.41,1016048400,1160.34,184171900,210.33,875645
dma,43,Grand Rapids-Kalamazoo-Battle Creek,5190556500,6252.08,3426031200,4126.69,1030356000,1241.07,188732900,227.33,830213
dma,44,Oklahoma City,5017850900,6089.91,3320792100,4030.28,981991300,1191.79,179740000,218.14,823961
dma,45,Albuquerque-Santa Fe,4717834200,6260.65,3113369600,4131.5,909264200,1206.61,177396900,235.41,753569
dma,46,Birmingham,4550873900,5807.47,3062070100,3907.58,849989600,1084.69,160094300,204.3,783624
dma,47,Ft. Myers-Naples,4516375500,6573.21,2990264100,4352.08,883241500,1285.49,175974900,256.12,687088
dma,48,Louisville,4515898900,6107.68,2997390900,4053.92,879024900,1188.87,161308700,218.17,739380
dma,49,Greensbro-High Point-Winston-Salem,4509610700,5850.28,3028971000,3929.46,841023500,1091.05,159279900,206.63,770837
dma,50,Norfolk-Portsmouth-Newport News,4418968700,5772.36,2988999000,3904.43,832033800,1086.86,148075800,193.43,765539
dma,51,Providence-New Bedford,4372452200,6422.2,2875751700,4223.87,884489100,1299.13,157062100,230.69,680834
dma,52,Buffalo,4119156400,6122.1,2731446300,4059.61,798795400,1187.21,148303800,220.42,672834
dma,53,Fresno-Visalia,4079156900,6276.62,2710937300,4171.33,790854500,1216.89,146361500,225.21,649897
dma,54,Wilkes Barre-Scranton,3896260100,6338.23,2571865100,4183.77,759047600,1234.78,145965500,237.45,614724
dma,55,New Orleans,3883399300,5705.77,2625433600,3857.48,714360700,1049.59,134184500,197.15,680609
dma,56,Richmond-Petersburg,3836837300,5889.56,2584601000,3967.37,734531400,1127.51,129666900,199.04,651464
dma,57,Mobile-Penscola,3751989000,5995.54,2507889100,4007.51,716246600,1144.54,133237100,212.91,625797
dma,58,Albany-Schenectady-Troy,3746437600,6348.97,2470200500,4186.17,751895300,1274.21,134582500,228.07,590086
dma,59,Knoxville,3675573000,6269.35,2424399100,4135.25,716687800,1222.44,136433500,232.71,586277
dma,60,Tulsa,3628668100,6148.84,2400646700,4067.93,705183600,1194.94,132383200,224.33,590139
dma,61,Memphis,3591758700,5373.18,2466274100,3689.49,632762700,946.6,118428100,177.17,668461
dma,62,Little Rock-Pine Bluff,3486442700,5846.73,2334652700,3915.19,650977000,1091.68,125114600,209.82,596306
dma,63,Spokane,3448815300,6336.45,2266671100,4164.52,684831000,1258.23,127989400,235.15,544282
dma,64,Lexington,3362311200,6109.22,2221817900,4036.98,648859600,1178.96,123214800,223.88,550367
dma,65,Dayton,3335956100,6086.82,2214583300,4040.75,646258300,1179.17,120496100,219.86,548062
dma,66,Green Bay-Appleton,3178698800,6381.46,2086995000,4189.79,635945600,1276.7,116052500,232.98,498115
dma,67,Honolulu,3173375000,6399.04,2203201100,4442.71,579671500,1168.9,91080300,183.66,495914
dma,68,Des Moines-Ames,3158343500,6269.08,2076051300,4120.81,638481200,1267.34,113328500,224.95,503797
dma,69,Tucson,3115615600,6192.36,2059238100,4092.78,606386100,1205.21,116303100,231.16,503139
dma,70,Omaha,3038273500,6275.7,2001154800,4133.48,614110300,1268.47,107913200,222.9,484133
dma,71,"Springfield, MO",2974066700,6218.06,1960560700,4099.06,573461000,1198.97,111851100,233.85,478295
dma,72,"Wichta-Hutchinson, Plus",2952789000,6194.48,1948011100,4086.61,579786600,1216.3,107297200,225.09,476681
dma,73,Portland-Auburn,2950751100,6484.13,1936051000,4254.37,594863700,1307.18,109590700,240.82,455073
dma,74,Charleston-Huntngton,2892195200,6213.49,1908202900,4099.52,550985500,1183.72,109257900,234.73,465470
dma,75,"Huntsville-Decater, Florence",2869140100,6083.89,1907365900,4044.49,555227800,1177.34,102513900,217.38,471596
dma,76,Roanoke-Lynchburg,2825920600,5975.32,1884360200,3984.42,532377200,1125.7,102384200,216.49,472932
dma,77,Flint-Saginaw-Bay City,2777981800,6085.7,1844085000,4039.82,530658000,1162.51,102124700,223.72,456477
dma,78,Madison,2772018200,6234.06,1818548900,4089.78,565040100,1270.73,98002300,220.4,444657
dma,79,Colorado Springs-Pueblo,2667398900,6316.05,1755190000,4156.06,537042500,1271.65,95917600,227.12,422321
dma,80,Toledo,2662300300,6090.84,1761332500,4029.6,518364800,1185.92,96279300,220.27,437099
dma,81,Chattanooga,2642823400,6235.69,1751120200,4131.74,512309600,1208.78,98075500,231.41,423822
dma,82,Waco-Temple-Bryan,2589204700,5766.95,1728333000,3849.53,493290500,1098.71,90074100,200.62,448973
dma,83,Syracuse,2569391000,6216.35,1695205700,4101.36,508333400,1229.85,92784700,224.48,413328
dma,84,Harlingen-Weslaco-Brownsville-Mcallen,2512655800,6204.9,1659949000,4099.18,473396800,1169.03,96155900,237.45,404947
dma,85,"Columbia, SC",2470940500,5472.28,1685278700,3732.31,442357600,979.67,83031400,183.89,451538
dma,86,"Charleston, SC",2422157600,5905.93,1624003800,3959.8,466019700,1136.29,83705400,204.1,410123
dma,87,Cedar Rapids-Waterloo & Dubuque,2406650200,6204.19,1583575100,4082.36,481285300,1240.72,86945600,224.14,387907
dma,88,Paducah-Cape Girardeau-Harris.-Mt Vernon,2399278100,6094.72,1588362600,4034.81,456211900,1158.88,89175300,226.53,393665
dma,89,Boise,2365390400,6476.28,1552031000,4249.36,480808400,1316.42,86674900,237.31,365239
dma,90,Savannah,2359669800,5802.39,1589714400,3909.08,441457100,1085.54,82418900,202.67,406672
dma,91,Burlington-Plattsburgh,2346064700,6452.23,1538137200,4230.24,472633800,1299.86,86872200,238.92,363605
dma,92,Champaign & Springfield-Decatur,2328260100,6025.07,1542361600,3991.32,450912800,1166.87,83526800,216.15,386429
dma,93,Ft. Smith,2327799900,6239.63,1534836400,4114.1,461283000,1236.46,83656200,224.24,373067
dma,94,"Rochester, NY",2293115000,6077.36,1522541600,4035.14,448407900,1188.4,81570800,216.18,377321
dma,95,El Paso,2257603700,6082.58,1493361900,4023.51,427782400,1152.56,83812500,225.81,371159
dma,96,So. Bend-Elkhart,2157493400,6179.7,1427612400,4089.1,420378000,1204.09,78598600,225.13,349126
dma,97,"Tri-Cities, TN-VA",2151327400,6260.72,1419698200,4131.56,410524500,1194.69,82101500,238.93,343623
dma,98,Shreveport,2102555300,5573.55,1427087300,3782.99,375266700,994.77,73967400,196.08,377238
dma,99,Baton Rouge,2004835800,5601.16,1358192300,3794.55,370979500,1036.45,67326800,188.1,357932
dma,100,Reno,2002566300,6435.83,1319882900,4241.83,402468600,1293.45,72971000,234.51,311159
dma,101,"Lincoln & Hastings-Kearney, Plus",1990031300,6262.69,1307071000,4113.39,397581000,1251.2,72954000,229.59,317760
dma,102,Sioux Falls (Mitchell),1972045600,6286.87,1293899800,4124.94,396137000,1262.88,72051200,229.7,313677
dma,103,Myrtle Beach-Florence,1969563100,5811.77,1328475600,3920.06,356020400,1050.54,70973400,209.43,338892
dma,104,Davenport-Rock Island-Moline,1959496200,6257.05,1293928000,4131.76,383423200,1224.34,72703300,232.16,313166
dma,105,Evansville,1886540400,6251.38,1244809600,4124.89,368456600,1220.94,69786100,231.25,301780
dma,106,Johnstown-Altoona,1858942000,6267.93,1224688700,4129.37,361643300,1219.38,69554600,234.52,296580
dma,107,Ft. Wayne,1847855000,6194.58,1222305200,4097.54,362231000,1214.31,66785000,223.88,298302
dma,108,Bakersfield,1822341800,6250.68,1209732300,4149.41,354020700,1214.3,65457100,224.52,291543
dma,109,Greenville-New Bern-Washington,1817336100,5647.6,1225171400,3807.38,332902300,1034.54,63926600,198.66,321789
dma,110,Tyler-Longview,1817033100,6040.47,1212728500,4031.54,344346000,1144.73,66326200,220.49,300810
dma,111,Fargo-Valley City,1803166200,6190.15,1182243000,4058.56,363373200,1247.44,65186200,223.78,291296
dma,112,Eugene,1755385400,6248.28,1154521100,4109.51,345918800,1231.3,65702500,233.87,280939
dma,113,Yakima-Pasco-Richland-Kennewick,1749610600,6408.92,1149880600,4212.08,351685600,1288.24,64501200,236.27,272996
dma,114,"Jackson, MS",1745417400,5321.05,1203264400,3668.25,301035000,917.73,58025700,176.9,328021
dma,115,Traverse City-Cadillac,1737417400,6440.2,1143960600,4240.39,337973400,1252.79,66627300,246.97,269777
dma,116,Santa Barbara-Santa Maria-San Luis Obispo,1709232100,6597.87,1119912000,4323.02,354362800,1367.89,62304200,240.5,259058
dma,117,Springfield-Holyoke,1694624700,6265.83,1118275500,4134.79,334004400,1234.97,61637100,227.9,270455
dma,118,Monterey-Salinas,1676146800,6720.42,1101910100,4418.05,348209800,1396.13,60552600,242.78,249411
dma,119,Tallahassee-Thomasville,1665118000,5479.15,1127249700,3709.27,301204100,991.13,57136300,188.01,303901
dma,120,Lansing,1664250100,6071.05,1099556700,4011.09,326444700,1190.84,59721400,217.86,274129
dma,121,Augusta,1632842500,5593.82,1115466600,3821.39,292046600,1000.5,55926100,191.59,291901
dma,122,Youngstown,1598914700,6108.14,1061792800,4056.24,302412000,1155.27,59873400,228.73,261768
dma,123,Peoria-Bloomington,1546676500,6153.04,1021462500,4063.61,306132200,1217.86,55715600,221.65,251368
dma,124,Wilmington,1508178100,6225.99,1000781000,4131.38,292656200,1208.13,55784800,230.29,242239
dma,125,La Cross-Eau Claire,1480073400,6278.87,970715900,4118.04,295705900,1254.46,54210600,229.98,235723
dma,126,Macon,1439373100,5450.97,987202600,3738.58,251842000,953.74,49010400,185.6,264058
dma,127,"Lafayette, LA",1422526600,5715.02,958742100,3851.76,261992800,1052.56,49558400,199.1,248910
dma,128,Corpus Christi,1351794300,6226.25,892748200,4111.92,261370500,1203.85,50395500,232.12,217112
dma,129,Montgomery,1311846700,5307.75,904478200,3659.53,224730000,909.26,43980400,177.95,247157
dma,130,"Columbus, GA",1307657400,5321.13,894340200,3639.26,229384600,933.41,43208600,175.82,245748
dma,131,Odessa-Midland,1307533300,6202.84,859087900,4075.45,263817400,1251.53,46849700,222.25,210796
dma,132,Chico-Redding,1285560900,6304.15,846294900,4150.07,253664000,1243.92,47507100,232.97,203923
dma,133,Wausau-Rhinelander,1272486100,6409.67,836892300,4215.53,251046900,1264.55,47557000,239.55,198526
dma,134,Salisbury,1256244000,6278.05,838204500,4188.91,241447000,1206.63,46889800,234.33,200101
dma,135,Amarillo,1251537500,6174.3,825992900,4074.93,244326200,1205.35,45961100,226.74,202701
dma,136,Medford-Klamath Falls,1247582900,6375.53,822652800,4204.01,242583300,1239.67,48088200,245.75,195683
dma,137,Columbia-Jefferson City,1222864100,6077.19,807194100,4011.46,239096200,1188.22,44092800,219.13,201222
dma,138,Minot-Bismark-Dickenson,1196878100,6358.8,782992400,4159.9,244749500,1300.31,43291600,230,188224
dma,139,Duluth-Superior,1193834400,6324.92,784200500,4154.68,234868200,1244.33,44971700,238.26,188751
dma,140,Topeka,1141697800,6098.98,752598900,4020.4,224033600,1196.79,41338700,220.83,187195
dma,141,Anchorage,1134865900,6417.11,746527500,4221.25,233996800,1323.14,39311100,222.28,176850
dma,142,Rockford,1117050300,6194.58,740926800,4108.8,216727300,1201.86,40915100,226.89,180327
dma,143,Panama City,1085657300,6242.32,719150700,4134.97,210915900,1212.72,39450000,226.83,173919
dma,144,Sioux City,1080590400,6333.46,710897900,4166.65,214846300,1259.24,39857600,233.61,170616
dma,145,Lubbock,1078415000,5997.69,711255000,3955.7,210642600,1171.51,38817900,215.89,179805
dma,146,Columbus-Tupelo-West Point,1050529000,5553.3,711728300,3762.33,188071400,994.18,37088100,196.05,189172
dma,147,Beaumont-Port Arthur,1040721700,5874.8,699371300,3947.9,195225900,1102.04,36878600,208.18,177150
dma,148,Rochester-Mason City-Austin,1031537000,6349.37,678820400,4178.31,208187100,1281.44,37086300,228.28,162463
dma,149,Joplin-Pittsburg,1002534900,6167.32,661214400,4067.61,192700900,1185.44,37482200,230.58,162556
dma,150,Idaho Falls-Pocatello,996771300,6391.36,652570900,4184.33,202326500,1297.33,36669800,235.13,155956
dma,151,Wichta Falls & Lawton,978357600,6047.91,648739400,4010.31,187145600,1156.88,35443400,219.1,161768
dma,152,Bangor,977334500,6307.62,642952200,4149.55,190015400,1226.34,36723000,237.01,154945
dma,153,Erie,968066200,6207.78,639833000,4102.97,186764000,1197.64,35792400,229.52,155944
dma,154,Missoula,962228700,6390.4,631644200,4194.91,191357400,1270.85,36360400,241.48,150574
dma,155,Monroe-El Dorado,961177500,5488.12,653741500,3732.72,169406900,967.28,33736200,192.63,175138
dma,156,Sherman-Ada,941671800,6248.73,621719100,4125.6,182753100,1212.71,35298300,234.23,150698
dma,157,Terre Haute,925006200,6262.27,608797400,4121.54,181016800,1225.48,34612300,234.32,147711
dma,158,Utica,883164500,6295.14,583370200,4158.23,172587400,1230.19,32601900,232.38,140293
dma,159,Gainesville,882511500,5651.15,588118300,3766.01,166586900,1066.74,30524800,195.47,156165
dma,160,Billings,851350500,6390.66,558036700,4188.9,170814000,1282.21,31579900,237.05,133218
dma,161,Biloxi-Gulfport,847548100,5831.41,570736700,3926.85,156282200,1075.27,29740400,204.62,145342
dma,162,Binghamton,839152900,6176.46,554222900,4079.28,162409800,1195.39,30885400,227.33,135863
dma,163,"Albany, GA",817095300,5397.07,560236000,3700.47,140824000,930.17,28052500,185.29,151396
dma,164,Wheeling-Steubenville.,792521600,6281.88,523265500,4147.63,151643300,1201.99,30039400,238.11,126160
dma,165,Bluefield-Beckley-Oak Hill,787807800,6140.12,522826200,4074.87,146108800,1138.76,30538100,238.01,128305
dma,166,Abilene-Sweetwater,776686200,6141.27,512715700,4054.05,150928500,1193.39,28697400,226.91,126470
dma,167,Yuma-El Centro,765320500,6285.64,506733300,4161.84,145614000,1195.94,29458600,241.95,121757
dma,168,Rapid City,761863000,6358.18,500376000,4175.92,150741400,1258.02,28510400,237.94,119824
dma,169,Dothan,691874000,5818.76,465088500,3911.46,127044200,1068.46,24713400,207.84,118904
dma,170,Clarksburg-Weston,672238200,6301.98,443017300,4153.12,129476400,1213.79,25600300,239.99,106671
dma,171,Harrisonburg,671404600,6242.37,443177600,4120.44,131617700,1223.71,24927800,231.77,107556
dma,172,Quincy-Hannibal-Keokuk,645930700,6224.28,425972100,4104.73,124392800,1198.67,24260700,233.78,103776
dma,173,Hattiesburg-Laurel,645683600,5546.97,437335600,3757.08,116338100,999.44,22473000,193.06,116403
dma,174,Lake Charles,626330500,5951.11,419679600,3987.61,118931900,1130.04,22373700,212.58,105246
dma,175,Elmira,608997700,6291.88,401445500,4147.55,118757000,1226.94,22710100,234.63,96791
dma,176,Bowling Green,603661600,5960.91,399926000,3949.11,116069300,1146.14,21507700,212.38,101270
dma,177,Marquette,593680200,6291.65,390627400,4139.76,114966600,1218.38,22574500,239.24,94360
dma,178,Butte-Bozeman,593118400,6256.26,386624600,4078.15,121787600,1284.63,21229900,223.93,94804
dma,179,"Bend, OR",590157300,6583.2,385600000,4301.36,122307000,1364.33,21696800,242.03,89646
dma,180,"Jackson, TN",575576500,5789.34,386832700,3890.89,105291300,1059.06,20588200,207.08,99420
dma,181,Watertown,571561100,6206.89,376097900,4084.25,111978700,1216.04,21154700,229.73,92085
dma,182,Charlottesville,568258100,6310.12,375521200,4169.91,115497600,1282.52,19923700,221.24,90055
dma,183,Jonesboro,567798000,6031.23,377087800,4005.48,107650900,1143.48,20849400,221.47,94143
dma,184,Grand.Junction-Montrose,522693700,6444.02,343684400,4237.11,103435300,1275.2,19869000,244.95,81113
dma,185,Twin Falls,521747300,6423.8,342828500,4220.93,103651900,1276.17,19350600,238.25,81221
dma,186,"Alexandria, LA",504523900,5726.26,339964000,3858.54,92216800,1046.65,17975000,204.01,88107
dma,187,Laredo,483331200,6303.14,318660600,4155.67,93248000,1216.05,18239200,237.86,76681
dma,188,Great Falls,462166800,6283.28,304444100,4139,89560400,1217.6,17526400,238.28,73555
dma,189,"Lafeyette, IN",423017800,5650.86,279197300,3729.64,82388400,1100.58,14202200,189.72,74859
dma,190,Eureka,419171300,6161.66,275968900,4056.64,81641000,1200.09,15625200,229.68,68029
dma,191,Parkersburg,402492500,6299.77,265228900,4151.34,77847200,1218.46,15343300,240.15,63890
dma,192,Cheyenne-Scottsbluff-Sterling,386780200,6309.32,253963200,4142.75,77205000,1259.4,14303300,233.32,61303
dma,193,Casper-Riverton,386587100,6388.29,253554700,4189.95,77351800,1278.23,14274000,235.88,60515
dma,194,San Angelo,373988000,6275.49,246481200,4135.94,73246700,1229.07,13973300,234.47,59595
dma,195,Meridian,348592800,5361.4,239685300,3686.39,59023600,907.79,12119800,186.4,65019
dma,196,Ottumwa-Kirksville,332045000,6174.25,219340700,4078.56,63489700,1180.57,12386400,230.32,53779
dma,197,Mankato,326429400,6141.78,214143900,4029.12,65256100,1227.8,11949600,224.83,53149
dma,198,St. Joseph,296234500,6200.36,195577700,4093.55,57456000,1202.59,11034100,230.95,47777
dma,199,Greenwood-Greenville,282924800,4807.15,200116900,3400.17,43610200,740.98,9042300,153.64,58855
dma,200,Fairbanks,259414400,6320.71,169679800,4134.3,53764500,1309.99,9162300,223.24,41042
dma,201,Helena,239112400,6452.91,156368500,4219.9,48717600,1314.74,8740500,235.88,37055
dma,202,Lima,235028000,5964.42,156154300,3962.8,44779500,1136.39,8467200,214.88,39405
dma,203,Zanesville,222069400,6184.92,146610800,4083.3,42832600,1192.94,8263100,230.14,35905
dma,204,Victoria,218294700,6228.09,144470400,4121.84,42254300,1205.54,8085000,230.67,35050
dma,205,Juneau,217792000,6534.81,143050700,4292.21,44412800,1332.6,7727200,231.85,33328
dma,206,Presque Isle,184434900,6255.42,121707200,4127.91,34857000,1182.23,7079900,240.13,29484
dma,207,Alpena,112229000,6222.84,74073000,4107.18,21095000,1169.67,4329500,240.06,18035
dma,208,North Platte,92879700,6326.09,61257800,4172.31,18071600,1230.87,3542300,241.27,14682
dma,209,Glendive,29246700,6496.38,19187700,4262.04,5797900,1287.85,1073600,238.47,4502
